cd_true,ler_true,n_lines,defect,frames,pitch,cd_nominal,ler_nominal,beam_sigma,dose,focus
67.6578024694929,11.07037645761645,2,bridge,16,271.29055982531327,67.56476360708827,12.245014730907997,1.4594873028953406,40.331323994139375,-122.52546763563916
120.60717627327575,12.687788352004837,2,bridge,32,202.32394530525207,119.6058273114072,13.84793900198476,1.8112657629452644,21.38240674069918,-93.92087969971664
106.95850956346472,8.862567931000427,2,particle,4,200.0755782767938,106.81241624132812,9.300429612021372,1.4592331194132404,20.002239033597405,-35.88613098785643
69.45444961067673,6.891323224227052,2,bridge,4,202.41710669152727,70.3317819295803,7.077698317020812,1.826529725771715,30.385940642193564,48.769566397451456
50.40767885550628,5.209539169475672,2,particle,2,255.38711729228172,49.17309654717048,5.809578529157099,2.2535435044670953,31.37590519756465,-72.03269201476179
104.36783932169702,11.84551426095422,3,particle,2,194.19562589593596,104.4042760448913,12.36993543714222,2.984120116306861,18.014521243018223,-74.91817210839112
105.2022277177144,9.531299709636647,2,particle,4,210.4112506102044,105.92588771091144,9.987307456538517,1.7873441810774269,22.346356538039228,68.64805068936295
38.56601984146605,7.116640699998194,3,particle,16,193.0112909585248,38.96372745177742,7.442185701734638,1.3044790453427144,47.63691547864259,58.02751629186068
91.60526924333334,9.994804464375115,2,break,4,200.41711326625548,91.52343451411096,10.412586671328915,1.9566008909300234,18.096210038308588,97.91429816926188
95.30251654793229,8.342650268116243,2,none,16,237.45660991361095,94.90887924735068,8.577752191626663,2.0554684330619732,23.48228284751656,-39.56499312366336
98.48843950786818,8.464135005040754,2,particle,32,213.1530196720016,97.51998932528606,8.720328908531432,1.457443102110186,27.436303350084916,-58.3316445096762
128.01873672081962,9.31541301618441,2,particle,16,253.2755569372946,128.29575334894704,10.322265202568524,1.5604735399873306,22.92440708560682,-55.533240803097016
96.19489408192294,6.3114854930998785,2,none,4,257.70023262948325,97.77321390270494,6.851486146404604,1.6628645034500962,24.089117624317225,15.84322095335108
51.803980783921766,5.895445264663765,3,bridge,8,186.5001174566817,51.9352419005197,6.077876442182964,1.3661178389703423,32.73182591242535,8.470768992384109
86.70159654226426,7.598669789727406,2,bridge,1,224.52050355912613,87.68926065388429,7.963751560658229,2.591041673338988,28.68317135430405,51.36379040907119
70.72662669559423,5.629646532773666,2,none,8,261.22529616995814,70.7837943207204,6.336939769571121,2.5893665165028703,53.50256582384311,12.595186885850495
41.20148894767058,12.456822682390353,1,break,8,271.0910432728516,42.39574256380392,13.170084523263732,2.373085512973666,28.80707251610969,97.71096909328612
33.986542249215915,6.124397976762228,2,particle,2,261.85200377569595,34.18554849938609,6.176201061504432,2.8403749002002843,49.91148467377903,9.270234892599431
70.68744643513797,6.293012223733433,3,bridge,1,209.7532591921668,70.47850951015457,6.378355684290189,1.898138850031025,32.45556292545205,-52.56977648647114
72.30946596427026,5.6509499131634495,2,particle,1,272.15188520845714,71.95227162107186,5.868316970709236,1.6347650457742406,26.42846477202685,-44.06924248048051
92.33890480085866,12.999440276171953,2,particle,8,277.1190743505388,92.14208516532771,13.247257619246806,2.6754578422070616,22.48266867331505,99.76579162690666
37.269594684164844,3.641782624241431,2,break,2,239.18842575763665,37.657488990055896,3.8482442009186633,1.662889607757733,29.153127904024416,-31.80317965691293
49.43975956233132,4.771463081582041,2,particle,4,218.42251653846628,49.29124660421384,5.101988826183894,2.752919590644639,43.97403020570951,-18.256593601418476
62.478586884722866,6.223247782093729,2,bridge,32,248.16931548354268,63.053489685747856,6.69392431025712,2.9336735340580633,25.07277307107884,81.59394681476329
85.13634774945945,6.414920331314109,2,none,16,184.6366565697994,85.98513429648995,7.182553689126132,1.602037563701377,23.301730803616035,16.216200272801416
42.280526549219445,5.6084720592809925,3,particle,1,191.6767215651479,43.13973775167103,5.694468336366829,1.6737561584987728,38.1692932871933,-46.94004691988596
119.71149361597735,10.553802147280443,2,particle,8,192.85875502829828,120.3828293515764,11.393437625674345,1.616834154898696,22.089040274002414,50.9686738262038
35.90832506302709,7.962675511759265,3,bridge,8,183.9258493068964,36.67504921894212,8.487514290639325,2.6832286265036713,41.18458808526508,56.39221405953202
18.36671169535842,8.507508851529556,2,break,4,235.65399074381764,18.124977092440965,8.853017423780065,2.4298338995702258,33.15586574293488,-68.20168301376006
114.16111839979784,8.38529265471074,2,none,2,254.51972683583767,114.31627164574078,8.67898667356652,2.0867699111407467,28.45929119097033,-10.751964376814556
24.757277389895883,7.101195931492162,3,break,4,240.5082507042332,24.673500248729365,7.60336083697441,1.8525562419103592,39.979424279406,43.04654143324498
50.53814258270008,4.538152596669159,2,break,2,206.70545332465508,51.72265338978958,4.666488184611496,1.6433278915957548,53.81593976500283,-11.584214563057545
43.65336234665597,7.237127878462769,1,particle,1,259.40066922101823,43.610676606574266,7.804354586066539,1.7667988251942113,43.945915766254274,45.96971437055922
63.77251018971518,9.288909216614641,2,bridge,32,227.66247751011207,65.00409561920337,9.790767210069635,2.7929407203209005,19.936746435000885,108.3323903177182
64.64875124598657,4.798211847887193,2,bridge,8,234.3879060130543,64.5793994204438,4.969845053563678,1.9419379151413296,42.018130426453375,9.367019839361175
41.09131640276458,4.967544222214779,3,none,1,200.66603812806957,40.82209673125279,5.171184403472501,2.6535883938918094,54.51993368063294,11.716619576663902
37.69251047794802,9.44107729942704,2,particle,32,214.9250961437008,36.71235826092116,9.887104784740366,1.9407732432234863,36.44765257245159,77.57761564253161
69.30974942947347,8.260223006096922,3,particle,8,220.85837390347208,69.79497601720816,8.587553585975455,2.0483485097887835,27.614989985707776,-77.17051503817959
47.34190815984355,5.246010682147828,2,particle,32,268.7358634918111,46.69052788407582,5.296504303697242,1.8251153473542079,46.91072782834619,-17.485345738528707
94.73439901973332,14.377308627300847,2,particle,8,207.25575771475792,94.81046658383276,15.12123269552904,1.8423484237379402,18.48151078912465,121.14817587426712
116.24606168698718,11.419890568093097,2,particle,2,191.229752836532,115.7460623967796,11.956046356823778,2.9702934108807653,26.309981613389105,1.6152108954307778
76.83261508285756,5.797683814859297,2,break,2,205.88172114789737,77.09521918302167,6.039457196993356,1.387338440594921,32.04465598404236,-19.29315992040304
87.3302177928066,6.859900950902654,2,none,32,245.35339521719044,87.69600537851451,7.173138142206726,2.6339992475492937,30.02386842874812,13.241343165672616
124.08933388740782,12.83478655453888,2,break,32,219.26887406377747,124.14545780626972,13.63462594522214,2.688724255136596,25.349812759720223,-83.9419123616527
46.15805342200374,6.244639485281295,2,particle,16,236.16037694097255,45.441636330732855,6.362594392705201,2.5617616655152635,49.343334977212976,-31.4753796862241
105.22205820720073,7.700129112222616,1,break,32,264.29456907447764,106.10866343229404,8.112825102610985,2.923415697814672,34.78671444988403,-7.77033750207562
52.99736862005758,5.684717068141326,3,break,16,208.29481584036944,53.13481043237115,5.861868081040899,2.621505215522288,33.29523056482853,60.05927406444192
75.30767719015276,6.083328835157319,2,none,8,218.9344470202847,75.02833382202012,6.527538600776231,2.271573084468706,34.208036492965206,20.104628836239897
95.35129827225042,10.92986399881502,2,particle,1,269.08705252847915,95.15333859498962,11.354835551800024,2.817535684961725,26.331632983640752,89.8581613920498
51.89668492832706,5.4200019153092995,3,bridge,2,227.59818620762456,52.06438206423941,5.84859036306665,2.1070828848080563,40.00124093578776,31.55285402317776
38.091676079953146,12.170687949602906,2,none,2,184.7661492859948,38.92940350100034,12.456273054883962,2.8606918598966287,26.369886001148394,116.75041558459372
50.43536946890975,10.516615713071246,3,break,2,189.46919440655768,49.9027485707854,11.874583151884467,2.380971724333394,40.98047628619134,90.82876881503203
89.96585429922351,8.095011595728229,2,bridge,1,235.5180236252096,90.1817274539366,8.33257962274574,1.5668934247117565,29.13945785154418,-66.31824817067618
53.026518336317054,6.088283119530509,2,bridge,16,194.7368343910131,54.34693845632908,6.520251433525051,2.6061273806014817,20.87686888785139,-98.22391155649026
36.25601121277137,6.646283548628567,2,break,32,228.4064256598573,35.41768467177343,6.760384560309085,2.6751808192877258,47.886767006485286,-61.43018898266071
48.83719877145433,4.209802126545468,3,bridge,32,205.04459353785293,49.065675447610616,4.71668631668306,2.313550617903257,38.91040258921191,-20.48888250814059
40.23271705795657,7.66571943352622,2,break,8,247.19596072826067,40.47902745939454,8.159692183379637,1.6191392810363365,24.287778816093063,-77.27429531657187
118.74630170806047,9.937647587400123,2,particle,4,208.4807976371369,118.32971790177184,10.13911907475114,2.895001196200266,19.98560470917685,42.82420289128487
51.92561157685978,7.28603249484226,2,particle,32,240.85069806004503,52.05233916575521,7.579951144821106,1.2753006181429904,37.207531761711664,-66.01875274125705
50.65799445238227,4.908972242825207,2,particle,1,262.9612574668115,50.45557800931843,5.054207491570366,2.1545384931957954,23.03564080186497,40.98953276878311
53.713360674281766,7.8716894493776985,3,particle,4,206.6746345030659,53.58782486081441,8.476321166055955,2.209458179017284,37.7137439931038,85.45773993013023
81.10888513908257,8.933853891350166,3,break,16,186.5346605311582,80.62624136322593,9.408000829976237,1.5903874400676947,31.361462930117,82.64609331151735
108.80887799782988,9.258627785716563,2,none,32,198.3662983906042,108.09720713025634,9.420358312675525,2.791610048863233,25.46422927332605,-40.51909783044951
113.48498055959128,10.85698646805438,2,none,2,184.08009240282615,113.35492896170256,11.533877685255158,1.8591339100695725,19.95257033086084,77.80911842970204
83.71172164307876,5.518189676026783,2,none,16,263.384751350015,84.06360454112117,5.723154169753052,2.56854657440007,22.334300168068506,-5.6939538652940485
99.92460863670385,8.359445207445546,2,bridge,4,244.28597155703025,99.66237149620449,8.695984589012397,2.3181473990971946,30.53634255607711,-41.256027576692105
47.71498099373503,4.936831391612273,2,none,2,260.43451702888285,47.54771915815271,5.167453549338503,2.273537286313913,24.619853653801687,-4.8069001473787125
49.07481923627918,7.159506599802569,3,none,1,230.60285434048652,50.00255782802022,7.413711210000728,1.5724035489153805,26.64879453251907,-89.44926004317554
75.78327021005674,4.715325147821337,3,none,4,202.9140239038191,75.73654982781107,4.962363155198871,2.2383597776306394,23.184275625410056,28.143443170145503
37.56343093268064,8.298624384835101,2,none,4,264.6223639759117,38.05487245979057,8.799177252944869,2.3448942419693615,41.45499446017948,59.9673754319584
93.9084118378939,13.069772147574152,2,break,8,235.72088087007015,92.67135101259592,14.2260118438013,1.9485963971324418,32.711984402487445,115.44634680042408
117.66689726171732,9.423427637931876,2,none,4,258.1588540760438,117.17411675529846,9.705539411965187,1.9332657860529832,27.39414284753604,19.89778480290289
93.14961858420219,9.734342169292255,2,break,2,242.91677433422788,93.16723418613654,10.76596356918092,2.5106944446985713,21.571695876651905,-105.5744250503179
64.5896496736595,4.406578158658065,2,particle,16,198.55569452029167,65.00191346191696,5.704748107314321,2.148381977039813,41.11855468960208,-14.354035764998883
94.9598830095904,7.470769741576325,2,particle,4,227.7944297781699,94.87103389779624,8.040168897803245,2.616642696300226,32.83919298221216,-57.104732657855024
142.01332381268432,14.938741229602993,1,bridge,1,265.8548986990928,142.84708185694694,15.326556587551991,1.3622915404165332,19.96757934137629,-91.4465879178384
38.18119615737699,10.399640214089306,2,none,8,265.1017782927473,37.17829607204006,11.457956828483278,2.0760510966938517,31.57188640669185,55.763296272113166
29.938573502080118,7.29458877137467,2,none,4,247.18152002009836,30.58848991144424,7.822660195026567,2.6638624676210165,44.69364150665322,-50.99880710555962
118.19022290598485,12.004847411687255,2,particle,1,198.2171062337284,116.58783914921706,12.598881673464865,2.015149026249184,21.257656823887352,-49.65051795013912
62.63459205755155,3.7193003018418502,2,particle,8,272.6574549267594,62.69682087882368,3.916578760323013,1.2200204416491671,20.240963600768985,19.766814433770065
47.967771009250534,8.158501957656469,2,none,2,268.63232705447587,47.568862926002446,9.19331050057846,1.9998500012420277,27.110304144723678,70.97046825495349
101.20443659085281,12.634027106144025,2,none,8,214.02167252113463,102.1465055106573,13.665949883925126,2.5451960390385038,21.880293058432,-121.23289052289866
63.92866015307249,4.33272910010854,3,break,8,197.92921547123345,64.6287864822602,4.9196716824984685,2.568865521534481,31.859722960091247,36.25507860342884
103.84552551646271,8.701290244890286,3,none,2,201.28486724952373,103.93363891777511,9.207615096267226,1.6235402756777788,31.552879526917884,-22.454336994695492
68.31228251121154,7.349855913988564,3,break,32,180.15285045120996,67.82198889706311,7.654324033560812,2.188935330171613,24.202514481064053,67.60637582938003
43.3957930967065,4.920947613906431,3,break,2,203.88270994492328,43.64999137247948,5.101111738219352,2.250915374572501,40.28656182600935,-30.797905425966437
31.394904481756782,5.869114118273789,2,none,1,248.37164709202384,33.407404396612804,6.281425370874087,2.422175131149727,42.283676542441945,30.32313694950668
138.1536918009643,10.890846984968485,2,none,32,241.78117581906375,138.41153010002148,11.934503583995806,2.444616109413052,27.604755045240463,11.889790147937958
84.44836213905982,10.447645371769497,3,none,2,189.2086157196852,84.52792278386916,11.520079059804306,2.1397950811515107,39.284894255980845,84.27387839668552
22.078437025414274,9.414196745043935,2,none,1,248.98151422110695,21.82781581338457,9.59039446348518,1.4859781146947024,36.84813066447204,42.56094739671744
39.75773649175662,6.831994810352896,3,particle,2,188.66107563246356,40.281850591703794,7.072440270182249,2.0004395881121004,36.230773043117736,-51.502685622473
52.747228525789296,4.950357743450977,2,particle,16,219.86961708977208,51.63678663870743,5.008033648186857,2.2455016124833156,49.796137467750654,-10.919551205534134
40.85880347201491,6.42731888669994,2,none,8,259.9959535719612,41.52153616721397,6.591509779516778,1.43104467059752,52.702581523448615,2.3480842438351885
121.42838449417434,7.39100825857253,2,bridge,16,234.4719277602095,120.89068687085243,7.646660303568756,2.8079986866312945,18.31236195295037,-28.26805560753246
107.67069733239009,10.824435325009812,1,particle,2,256.267222301885,107.66261750921724,11.041945956566126,1.411601801541826,34.65876923561201,-92.72357112578467
51.557446585807575,7.528843864529932,3,particle,1,182.78002006311056,50.34657453154331,7.671677281575602,2.7920050482474177,27.83475465836041,86.68575432165375
106.74655961400892,9.80168983956642,2,none,32,268.87144340925846,107.518714535792,10.403314797092504,1.2087620628054814,27.489305537181007,44.03318499131109
69.27696065184449,7.1818517878578145,3,none,8,195.16019820559657,68.68211778245258,7.491240402362854,2.081731371435606,40.01808330988871,69.50254654880615
75.77200702959858,7.817260375533845,2,break,32,263.9050619726718,75.45535902362195,8.066099678598691,1.502084316000809,19.90939970284063,79.62898523053428
96.73403133201771,8.016774873319509,1,bridge,8,271.388562069787,97.9890329157429,8.589448522982952,1.9942655367538271,23.31731501462143,34.84606570825687
18.196697568313198,6.799833100149762,2,particle,4,231.1268416620885,18.45432191232762,6.8235677400241,1.383092208161164,36.41632505466302,8.391040576638716
63.99623624935398,15.392048097900869,2,bridge,1,237.67416696595237,64.63473704156115,15.818194583614416,1.2573105655121197,39.00542673457021,110.8431946918223
27.644897950981715,5.3827215316568475,2,particle,16,194.9474025406109,28.63625746777483,5.629997097557536,1.6464274001676027,26.057594075612528,3.414708303235414
78.72452441457199,4.770984933897754,2,particle,16,244.85270517742583,79.44125529818369,4.916948570434475,2.0637162895511345,24.917978325217103,-41.4140142805972
80.6313010156854,5.410621169171468,2,break,16,240.36994468909472,80.67354687909906,5.613803557962929,1.8228316438619228,25.391347822422183,40.92247275430395
32.746069834348845,6.733711437306306,2,particle,8,189.51580055989984,32.189814367026386,6.916330908046335,2.437038430226213,31.459364918328887,54.97853305616326
95.7446596996391,9.190433080620606,1,none,32,261.4854910576553,93.38808961329478,9.44950923413987,2.9777034463089267,28.32044238424603,71.54233881764085
31.53737618170379,5.265363077271701,2,particle,2,254.96100181300665,31.058495490585077,5.453371803216397,2.2350684750170338,33.646323664141505,-26.581580364773828
32.01399954611099,6.021959600213904,1,break,2,277.27641407021525,33.25371715493084,6.19136263896252,1.8097850564100595,52.06163690655862,-12.552534971493884
71.38879681877795,4.985590194145489,2,none,2,207.7046462723791,71.64990127597912,5.482127727147848,2.1807508550854062,23.09373952821645,52.24569789201863
107.79660411144492,10.994643963810521,2,none,1,216.0831503514564,108.10791544347173,11.910898775627798,1.8885866661110127,21.684106002566832,-97.20965954511844
59.65293720568635,6.250848455812412,2,particle,8,264.452991640603,60.70068000454006,6.416481302024268,2.455348625780454,34.275730537111244,-34.90469555315764
94.83974991514428,6.313284782007193,2,break,16,208.84503572701735,94.52520403905687,6.602229995761983,2.918251485285019,19.471053776846137,-55.85882891406709
111.58489030620962,10.6019482683615,2,none,2,184.7984425171121,110.60472443093036,11.152630039589182,1.3008098132921992,29.430830759794,-23.0082635638301
47.01440760185875,4.5460332094235305,3,particle,1,204.0982795397031,47.005317091441015,4.869790228581495,2.5072126318025543,44.98306629098538,-15.004183848092254
109.88047608390195,8.909954534554593,2,break,16,238.06739070312284,110.82297301179383,8.996801976412426,1.6264151649642442,19.21622146777765,-40.1822848985864
112.45932968403808,7.5963830384153725,1,none,2,253.8701008400684,111.02107207720604,7.74360464695401,1.5201568318338952,19.913112443883715,-5.922377525340977
37.94031601282529,11.065983473955724,2,none,1,278.95872095763275,38.33237196972328,11.55002101767676,1.7501031570398566,40.694790455477545,88.88317931051478
21.32434491432596,8.832464264847388,2,break,16,189.7683217653358,20.42550501797277,9.06502930539442,2.549966401155447,53.14628651268818,-62.03144634537384
148.91789348785088,12.449569093435244,2,bridge,16,274.1498644603254,148.55162563956247,13.212496558206748,1.9249614956562575,21.270797931229588,18.63001165194089
110.92274223596849,8.855801978706005,2,bridge,1,217.296020694477,110.79580912341996,9.100569654228988,1.8574987204894915,24.23403302401936,40.40322746872639
80.84948620854567,5.890595507098626,2,bridge,32,261.98171108587087,80.57915562194941,6.357231071375067,2.324090065786926,31.949747720144824,22.11647339268777
93.14602437008939,7.814032165934825,2,none,1,276.32478377115666,92.39915248503576,7.985406633757236,1.8451386724182037,37.81698100312698,19.279185497259878
37.75357631257771,5.720730224528682,2,break,32,222.2823370275438,38.367040962485625,5.8535301221188885,2.3311167017982353,44.99091669947362,32.06661688679782
66.41985766527246,7.426534799154361,2,break,32,205.732031595604,66.14535892643632,7.571127105035215,1.3386126612358016,33.47750501061135,-52.99034003699009
44.75228576176826,5.156809070631101,2,break,8,232.7259025428327,44.66041865457351,5.213418763413508,2.6733392691712137,48.93728934441583,-0.5447913346108635
40.31395955913334,6.808969733547864,2,none,2,255.19491233451745,40.44838779612756,7.342133747205825,2.7430908529438245,39.52174422156248,32.49164383928692
44.231917861121666,5.072551227659816,3,break,32,195.57812015407347,44.04250694297556,5.4455531381271145,1.8899382649202954,41.581611916424414,-36.68539307638676
27.901096690122756,7.400068515114822,2,none,8,255.82511094417208,27.80760102333494,8.102511229665389,2.6607823389415763,46.736608550169294,-4.523626213570594
87.47195402497232,9.99828580179866,2,bridge,1,180.63097916701832,88.45078891990906,11.881979099498622,1.7525118136772382,30.477727039029556,103.17253320900625
88.10326196153778,8.845264484445488,3,particle,16,187.19435125837592,88.93914683195732,9.467350304029654,1.97717428894914,21.530485751574485,-84.67240780787799
23.297853895900744,7.22880487797012,2,break,8,250.517480460218,22.39568686417384,7.280071455367344,2.427941102637822,38.13528668891666,-29.0831592101606
87.62987392683635,5.931485900196872,2,none,4,230.306074911226,88.46453906239586,6.060776720663871,2.713922454378074,19.09529061232756,-36.93526739732425
64.81147351173271,5.973514866216185,2,particle,32,212.0590005927856,64.40442645714234,6.614912748074461,1.7949192369703608,20.459775511814307,68.22971825811305
68.21503950507741,7.000316822991024,2,break,4,278.8147976491493,68.92435695941927,7.281890230613553,1.9113343228029227,19.30391885449801,75.97098676256456
30.87043710216463,6.9612256327751725,2,none,32,246.37695195235293,29.81933436784964,7.291539866654822,2.792789023059847,52.76883674655113,-12.028657817088629
101.11598577182833,8.970929546172021,2,bridge,4,191.95988716585344,100.73245797705576,9.725608731849144,2.5722071919740657,25.53035123633452,-46.156318934970045
118.94796758646903,11.708496480291737,2,particle,32,263.63885077162627,119.91898572270688,12.108898089195794,1.653801559867012,19.16322901758762,-104.06519692811132
34.114486919008606,4.692913545711397,3,none,2,224.0353445259153,34.8574330510108,5.035974291714727,2.71972111579941,42.44580742792597,0.3448770970982764
41.29079785159846,5.759021405270025,3,none,4,186.6357188063118,41.4326795522037,6.12289482689485,1.3051525760297253,30.916590324111496,20.303061286971683
106.70812396932877,9.465854954412148,2,break,1,249.6051845397249,106.95393447787256,10.356136121956403,2.686034552721604,23.38316052240057,71.8732151612233
54.21248867312215,5.317357343417655,3,none,8,224.6488693151112,53.69845325269025,5.783428278797231,1.4022650882702419,22.92581529463492,-92.93533839734206
59.4207223101734,5.864377986843318,2,particle,16,211.80401971908103,60.10675014370422,6.099547113416885,1.9681741906432892,33.70742375540486,-45.209609308896574
124.7238378539423,12.726789102190564,2,bridge,1,206.7992689685791,125.67973287746754,13.032977276433543,2.626164256839794,26.60316190417648,24.26081040148773
32.444852740136696,8.567622210424716,2,break,1,276.4141522907836,31.142282482009023,9.315997010499297,1.8904384610262759,51.95159052840937,-67.34835667285897
103.07018267455317,8.916451867471288,2,none,4,204.78951441280788,102.25706936008244,9.227455260639111,1.4075203976676478,34.348441019712226,-33.34430598560397
24.6243448138201,12.07584420653519,2,none,2,271.2196193405556,25.385263258292152,12.721495490810376,2.3088051434044106,39.63266481469837,-85.89587332143246
60.50148574787917,5.9123777298219515,2,break,2,258.073044246313,62.16777620771612,6.092935832330468,2.0680547674892793,22.70463645834316,-60.819989847145365
60.17615332349097,4.5017063119330585,2,bridge,32,237.61200384301907,60.51436990760322,4.5881022840692935,2.6589188480392956,21.971627731386203,27.99504311271903
128.96783410796056,14.177176512652771,2,none,32,237.38097831235496,129.52489849439104,14.97667519404667,1.2830105747939138,21.39706768163352,-125.26868394977194
36.833439410105775,5.426356464366816,3,particle,2,207.85338726138903,37.24237859016712,5.564254221046364,2.846669487374129,53.03669177794029,17.79761430575536
30.248822691930418,6.442602746805127,3,none,8,193.5910362628414,30.52454418929313,6.681054054682362,2.2646137463836875,50.07738331371681,-41.15713810096554
75.138908433582,5.520657923729104,3,none,1,218.94994160051172,74.70822405641057,5.6626185750313445,2.259540559012769,40.84687977726095,-7.921157434476271
85.23816491793474,7.825769315759354,3,break,4,207.02360918942728,84.98171117688655,8.233827447620055,2.9801471610942016,36.3770871175648,44.358701258702126
29.877973943854713,6.189431721151081,3,none,1,182.50377369871055,30.25911966550317,6.831258872604469,2.0548859034197684,39.14869402251317,-17.203070361029262
101.7265181739945,8.77504065343599,1,particle,4,267.51959402625056,102.89755936951968,9.032665027486972,1.8451835850752318,20.762857198008863,70.8522347469279
54.65975108703486,4.7757670674562664,2,none,32,268.31744130473925,55.03961689617061,5.188333510843665,2.6161628585841816,40.54330070500701,11.42053640201152
99.72404782648562,14.59573574616951,1,none,2,259.15861887832926,99.0311087298748,14.929304843445967,2.8413584421685663,28.01412230692196,-129.83447309502623
61.05355903679495,5.199303635957019,2,bridge,1,230.5285875896545,60.08358876171064,5.482045501494817,1.4337178115447182,42.47766145256912,35.798237245162426
52.12134374269565,6.611135917936259,2,none,16,207.08697725773035,51.10510728445044,6.866120388413913,1.7593130065078073,30.58140779809968,61.65129241298152
126.71775511364888,9.512853176044674,1,particle,2,271.2148728213613,125.86841208764496,10.600445287436605,2.4264861237911797,28.107050502850672,5.8700481754848965
101.14953568800608,12.422459552891763,2,none,2,209.1673267923885,102.47097352591815,13.10336852938536,2.0490944261782063,21.492575978217488,119.89879971526142
31.179345124875315,6.877973740083934,3,bridge,4,185.14879147649825,31.59784192909962,7.453084663942319,2.387231917423425,54.50862000859212,-42.80622781411515
63.9958339049259,5.358371842072531,3,break,32,210.33201795465985,64.695067876599,5.611245229408103,1.4271077214850645,52.04836944916091,21.87864665792705
80.06655116961207,6.689108729172812,3,break,1,184.99771380402944,80.32088216076514,6.77099252753547,1.8026830904426596,21.71051093909927,34.37996629234965
25.784527368508492,8.197635128330631,2,bridge,8,249.2586198690623,25.89570450717803,8.880283721023162,1.380830898362812,39.36033007421247,41.07084363283056
62.82270240764183,8.818444885173232,1,particle,16,274.7896862722772,62.17962832699062,9.028364614755036,2.428629454242566,45.61711448482359,68.35305076650565
117.40847404113481,7.73784544082411,1,bridge,8,249.9130281938625,116.7617404223507,8.368268881823909,1.8705929939082169,25.225796938906758,-32.00400821606817
120.34689433073733,14.458625311209882,2,none,2,195.6158834343976,119.9773271370186,15.601268216317266,1.8641314514461085,23.332469426441428,-103.01339705166104
116.14004667777652,12.32368374093987,2,bridge,16,230.81940835411245,116.51633580846074,12.731421259957443,1.5323035004778502,25.05082640762295,60.42191980934675
40.536491852711514,5.690059459426825,2,bridge,32,230.03976272535965,40.1419353191104,6.094672835753982,2.884532291040416,36.70079894420067,-37.71223405703293
42.01229910568549,3.9196062713804802,3,none,8,218.0376016447673,41.604667317604296,4.137644602589143,1.6331906941414192,37.43857219105279,-9.882786851842042
40.67312201967505,6.890130328481186,2,none,4,258.05489025191923,40.82906324165857,7.078010585645516,2.674126537221672,31.13779793720476,-67.20540391669186
111.30392385490354,13.25584802267463,2,particle,8,269.40900993895366,112.21394292480797,15.18733705761614,2.34405421819013,18.30239135463688,-131.33675650698044
70.2281307121408,9.3345329036488,1,bridge,1,276.1678817988129,68.79067568685547,9.688185083994114,1.4275651458072842,24.23633945712256,-83.90834758107292
59.211452446467405,8.111842735560504,2,none,32,220.49504143847355,59.28592175882973,8.156824667543606,2.393497687570351,38.76042352432596,-73.24866101275055
38.5502157607458,7.865058307549964,2,particle,32,197.4216843808117,38.942874772986464,8.289349966491947,1.5199927270315037,26.63551794210016,-91.3464364119997
111.99024241887116,10.223453868177494,1,none,2,240.67671728279504,111.91957746964133,11.537055908312343,1.6597001952331505,32.60151903175571,-90.3379197232517
61.71736288389317,6.085438356745559,2,none,16,258.77027352165646,62.48138097302508,6.661048597245399,1.996262204539658,32.00920750337353,-69.05854104733994
39.87746034596332,4.900736584754697,3,particle,16,195.67065928435315,39.57680128967122,5.167569955939079,1.2274852725394938,49.17079571174498,-20.77146005773062
56.66285397033141,11.854255239132636,2,none,32,244.05340171199617,56.16267337224664,12.078030596201918,1.3958361965667518,29.241919616184425,89.9367869132667
94.63431162148885,8.996331424096486,3,none,1,197.4421643521778,93.9759756683018,9.20046488714563,2.5070614368286046,28.789515409579003,37.11592853586137
96.8063169679502,12.857548512497768,2,break,8,246.77714244942587,96.6754697519386,13.91319738880597,2.2346524754143893,28.036936835795547,-121.33730792650744
71.97446693636704,6.017283859790955,3,none,8,191.46037586204648,72.41901314903792,6.195926498630887,2.029551657010396,34.85410381759845,5.124593142665503
138.4421643351233,12.188368252755904,2,bridge,1,249.83343800399356,137.76112926609696,12.410907221478,2.6929893744994144,19.730133055413788,6.758982941044678
99.34030555526601,13.37576566270753,2,break,8,203.4977066900145,100.01469656737636,13.650721366537224,2.9734390206573176,28.46305725854805,103.46788960030466
83.25420633571117,7.080333075372062,2,particle,2,218.57937195577043,84.52663884278246,7.441251334531823,1.7226593541622517,29.72066041000172,51.11465342569025
115.17048592919194,11.341020144065357,2,none,1,252.29387022287423,114.72671170482272,11.45423755431876,1.551095500043626,21.058707769796285,72.53698427393496
126.50689116854232,15.311773706111847,2,none,2,218.2494058065216,126.73290847658888,15.561152672445465,2.351846502321293,20.109540784635403,93.96540502442178
50.29027434532176,5.022846252174054,2,bridge,32,231.07330858096617,50.23035662533049,5.220892673064398,1.7616159134275402,31.11279601283526,-33.41969426978562
37.365471732504545,5.406081914071849,2,particle,4,221.04633592074725,37.16727808241603,5.796428978593807,1.390855806625432,28.50560177640546,43.86592992329781
67.38816109177642,8.379474510438664,2,particle,1,270.3309969721132,66.6148586321637,8.513920529072289,1.517544157298386,23.78361175762273,88.14588845127685
69.5956322168359,6.125945668975872,2,break,2,233.04633999423257,68.86443245028414,7.021852581466809,2.792101819251534,29.447683979533394,40.68809875042572
102.26349128732033,8.738780993864424,2,bridge,16,233.9925264620062,102.59837107486588,8.935253129937724,1.4088220181600353,20.377862433170016,-55.30135854016629
78.35477693216302,6.474738299644324,3,break,16,186.4714597311355,78.58723016767449,7.3978203877248285,2.3981098941058505,31.66733859580677,0.7217855463038063
70.22761323986032,5.612532304434485,2,particle,1,268.01390669250003,70.68156613772217,5.722802913317429,2.9339380262270858,27.242521882045807,35.200432770822914
76.70551410577863,11.700462129543286,2,none,4,234.01665153675188,76.98596551291818,12.40903590413967,2.133151630920917,25.100716199531984,-119.74916363413776
83.06072028738035,13.256421555717786,2,none,16,273.046878275069,81.7988326456013,14.13064924934947,1.9616704378795065,27.73052621847859,104.80564839615693
57.79719311108428,9.397361709044329,2,none,4,253.78446829537867,58.03080969923949,9.485703714900144,2.543306226538953,43.980352142158,-72.473135686932
115.35945619393635,10.810164547095045,2,bridge,2,192.5417701850335,113.90352063553088,11.315582486698624,1.3415757404074533,19.004717305953488,0.929658991581988
57.835836506990205,4.873396801423462,2,none,32,200.85136571337463,58.30401140459196,5.1592501953316665,1.9119716230719288,34.7290538610232,17.159819145959972
40.84583964131361,7.539879647566684,3,bridge,8,180.18324601521743,40.69003787113495,7.879874656981291,2.2427972966501573,31.919050640456845,-63.87497387208518
77.16797269029297,9.796771818558973,2,none,16,229.22175615416745,77.48336035373265,10.38372568369261,2.481854017177359,19.5088062152908,-127.09371159900212
61.72965820605987,8.760795371424306,2,break,4,225.40274168474812,61.76964904164195,10.390747495443506,1.4284218845061827,18.38991624962375,-125.72589820663497
61.83112955050834,4.892784174670695,2,break,2,250.1755896002543,62.62029641150118,5.712916518302676,1.5981184149763477,34.80009971737937,17.677547550227928
137.25047811149182,12.419069832746615,1,break,16,257.3368545173519,137.25538385742743,12.515182711577108,2.749967259445126,18.375118459832752,-2.136414602174085
63.46102408154146,4.5461916375876745,2,particle,16,258.6286666067818,62.433097435090765,4.8019335619596495,2.9601687403374886,33.08528411453272,-8.294221924968099
28.04645200982739,6.030482783200369,2,none,32,237.0934641454444,28.08123585382376,6.61247688315566,1.477025533299181,54.81096825884757,-13.462908828609358
84.90171932958677,6.986090730959058,2,none,4,222.1240774412653,83.85433846466007,7.315398849596327,2.562247286152521,20.5411848010923,-74.06993125764596
90.58127545701412,6.363132764335685,2,bridge,32,241.37096736310224,90.095739156634,6.591983214697829,2.7376500835014514,18.45354436419012,-89.35696991197779
93.58490743292552,9.124245214072317,3,break,16,180.4055574679925,93.13246446849443,9.69627337964621,1.234843040412149,20.639875424879257,60.7331379359579
61.80903893913993,10.282252747418955,3,bridge,2,180.0552135215247,61.7668515842702,11.092582412559068,2.320419786087668,39.94079081938972,109.56885025554442
108.61661905039425,11.66034509658947,2,none,4,183.83343125441604,109.4009763068595,12.360485152391751,1.329840346234349,27.349895802648163,58.68208454103055
58.634390129294765,5.417477240299833,2,none,8,230.88744143706447,59.45679593811036,5.519562390469837,1.8816383892674988,32.86590085725797,-53.94428144877237
91.84840062455184,13.456536723498498,1,none,8,269.6182261842548,91.73471987130162,14.503168177125357,2.220650745724863,22.8317499649023,121.37476347540894
53.07409772619121,12.55019736536103,1,particle,32,250.5686167742832,54.057284678061215,13.737629373781235,2.2635304472520725,35.54833966083898,104.06426492307504
40.86376660430179,5.648599570202963,2,break,32,262.1399410971272,42.1362172066436,6.218543529313672,2.56170148989348,54.724768801088906,-47.40207409397115
61.10834423207217,6.084044519912839,2,none,4,247.04542454156672,62.05558153261355,6.305423941968372,2.5962303171198933,37.89361805152745,45.635223250428425
132.64927708601977,11.747442179935192,1,bridge,16,251.536669534824,132.52166913424225,12.461181384062256,2.1773486313746018,19.534322172578094,-84.06467938556892
52.91761636899085,14.604083287335083,2,none,16,194.48707960519252,53.21807786485119,14.879956297827889,1.6523497751516856,52.24625032701993,-110.3681317044777
48.11698240488088,8.535039264178367,2,particle,1,230.37754975357572,48.04309098064371,8.893043760632068,2.1127060976621888,30.8253489967732,75.69089998506976
106.85481340674625,10.046852161271708,1,none,16,271.0416081259046,107.28959311657744,10.441743040459796,2.04813753578647,20.44748482369041,60.63881586792596
47.439657207559804,4.60393947334268,3,none,16,188.18049175338865,46.945938672204846,5.129474190029922,1.5344789083929917,26.41570435065768,31.03995751149569
77.35365892884988,5.861914145876524,2,bridge,8,240.73767772929568,76.67639938720072,6.269406721930888,2.814529611963417,35.27304912838173,43.49500507146411
38.99906625277704,7.436380989696525,2,none,1,276.56530025069867,39.04045805016869,7.494388182175976,1.2513440797707271,35.67914420795919,-74.14135051019929
48.39110467719729,4.3210290125356945,2,none,1,258.3994573077162,47.88748696733919,4.677693833235952,1.2234180711480411,21.989063125205373,13.578937056827357
23.596508337586197,8.275913436511384,2,break,32,264.76769691696995,22.70470290358382,8.89487878541444,2.101656008243822,53.639267096203405,-14.08399822486615
88.1648022794351,7.505389104444236,1,break,1,249.9364381407716,86.56006073446518,7.65606045498709,1.865509620748485,43.646245119833445,46.316213051635685
75.98020606591845,5.232454957954756,2,none,8,241.9359901104267,75.90265030567592,5.647819043044136,1.5249635065850742,22.056640529616764,34.57170667273627
71.74328284409205,8.596819424552404,2,bridge,2,256.84870698959514,71.46015425047605,8.791529074411446,1.3032102734768887,27.75459730778102,-77.72115151512416
79.29238766560186,6.57541852454653,2,bridge,32,259.4755094319938,78.76651514933899,7.03058357539084,1.2503820213474812,34.37596778563305,-41.85087240927706
46.65452049775962,5.959076748805225,2,none,4,188.24646909705692,46.510857266385045,6.175775892979693,1.271010093115922,34.3133300150382,43.73566491908147
33.28767331548019,4.986518057476687,2,particle,2,229.28701467474156,33.61992891637079,5.177321199927,2.391843058750843,36.24486637294689,-24.91282246373251
103.48838846348961,8.004998962188191,2,bridge,16,204.96918725337457,103.8026055157689,8.375894096556072,1.9058983373643037,22.56614696100833,14.09806020575789
123.75753992390872,11.446212251613003,2,none,1,212.31312477067897,123.8648575870558,11.938568807082188,1.927899973460169,28.095997685875872,57.49552999644524
74.60516414143706,12.968288972963563,1,none,8,244.35767159669388,75.94654402559598,13.085304691711547,2.66082456138634,20.01533778422162,128.9623619034814
59.31362433322363,6.057131271364012,2,particle,2,240.193505804964,59.16403823001771,6.252994340348126,1.4341905120730052,36.366048331174426,-0.5866416054516037
75.85447368644446,4.864328572381223,2,none,4,231.29321116714,76.27451044970091,5.275266251584103,2.401184054870471,19.956872042059874,-42.37123372906811
81.41801852657828,5.548763574534186,2,none,8,247.03324486388897,82.09264473431405,5.606895707947609,1.3507665442008063,28.968079525090047,7.010352772898926
71.00694070429115,5.538204779374352,3,break,16,202.37229648271045,70.94238383195876,5.805424647671447,2.2277855035974246,24.0961130017107,63.18491511254752
20.012427925376024,7.045628284949924,3,none,1,188.00299400995604,20.11714722106689,7.492018844204248,2.4980922529082004,39.59520446520594,-1.5391795561020274
38.12046612191821,8.783756435989728,2,break,8,265.3376892324262,37.66696792513721,9.118106370546338,1.858818876144657,27.322139069631227,63.84618778623809
79.38770179633948,11.493896358222893,2,break,4,186.35995988423616,79.2850784690337,11.816607155643272,1.8371621200250559,42.372043416485056,96.84757765260848
45.596575464695896,5.112130964876638,3,none,32,227.9576803079534,45.38280695486325,5.450589214490578,2.569055108164168,37.85820459046101,23.81428435394062
55.84422436054993,13.993824672567104,2,none,32,201.3872321528483,54.74275819349009,15.267898184147503,1.2085827347663671,38.61971236193668,122.23791281502248
54.52353132003296,5.367208910772628,2,particle,4,216.53814860455265,54.11183070606271,5.626671624823613,2.691421155826947,29.64865356122435,-63.23467006134412
120.38977490190229,11.248587301313187,2,break,16,196.55201659922997,121.22374888840174,12.654484530759406,1.5646721919562179,34.12927678181286,-38.7459608491815
121.22403880281304,9.37628397258478,2,none,1,223.5182778915925,120.81261900494448,10.085487297880649,1.9609137902416813,23.58759395897385,24.24478778060228
46.386631468267105,6.49237242343728,3,none,16,185.24035806271135,46.43264349015857,7.010409962457119,2.5855419273009836,40.37839690936599,-63.45888014895833
76.44188930961883,5.862955865942192,2,none,32,207.65279480994764,76.63841111138555,6.202250948957434,2.2169237126678114,33.37165248054127,44.665967764519394
65.72294747156641,6.115995614238768,3,particle,16,187.1661573895209,66.77150964746045,6.182903245069535,1.4453431745008198,41.1411805505816,-25.277779678622665
60.90086387452834,7.417162817455086,2,particle,2,212.7565118515114,61.10006243731944,7.5614980243440515,2.6012569796007243,23.02752267239932,-93.86423652700093
44.591554527526945,4.91817694277968,3,none,8,211.16280174767672,44.89493598417878,5.090600727668772,2.0411599442214485,37.84483871536145,11.615173573602164
100.82072379029759,14.987835286772059,3,break,1,191.306637710946,101.18246166725837,15.420592893169747,1.4964944125221709,33.04333532852646,101.68678598712938
67.54003151183161,4.648721924305201,2,break,8,233.96636868035773,66.20862307817217,5.486173503761156,2.96203798739287,22.76122570778191,66.16830918139397
67.25929344986622,4.5438444642629685,2,bridge,32,206.8381403894596,67.45403494458051,5.248622400407689,1.6141195157742674,25.23820575579697,-32.63543344142306
81.54715191612496,7.121893860120583,2,none,16,222.42659714320808,81.5057347034018,7.320589829587299,1.8810202311985091,19.43089554493017,82.9297170999331
73.06154565816789,4.526238042298218,2,none,8,259.517928750073,72.18392933132466,4.757979231567534,2.1310516220349185,20.35126127621298,52.20230010141063
52.029600576528715,8.02927862200774,3,break,1,205.46539636501203,50.993631987366975,8.174470273426106,2.798782197743728,42.79616691728084,61.15626781360851
39.44134308726115,6.008110897545679,2,break,4,264.35534868883,39.48440992387124,6.203774247099112,2.317193972547332,48.90837137200057,-3.867049643536092
38.64379995263631,5.163682852141795,2,bridge,8,269.4365515493889,37.8240491527897,5.486952585813544,2.647059331448961,35.06305145370575,17.139180699419626
38.44757091517189,7.003071202697404,3,none,1,180.2639026352721,38.58566253083416,7.117352161095824,2.3320855470935324,45.09813417954045,38.65630804432621
59.15341157616095,12.287424112561212,2,bridge,16,253.35327807086009,58.737000952340885,12.949271320740516,2.1164532079561695,36.32773464153563,-108.133762388712
109.82760860820771,9.234325309683143,2,break,16,267.4629667412671,110.24599547749806,9.786018494829442,2.836347044938228,21.79468762687864,-81.3134869371839
74.65069053779484,6.834737299845959,1,break,1,273.81295255745493,73.60486314792956,7.097805085085821,2.5524550220665643,41.88043202038393,-60.65204373028314
59.91514962570189,5.559904760398422,2,break,16,256.40579640421976,58.76314557002791,5.7956602230042575,2.9854701106173227,25.83904230415597,-57.03881680355465
60.354496089200495,8.647788406609644,2,none,32,200.97480846492763,61.06935954691497,9.695828441278085,1.3149748945705053,28.87918667667939,94.37556922011686
52.1946478019463,8.863523121362995,2,none,2,262.7392026004885,52.67048787531132,9.215680865380014,1.674949453428133,53.72181630468143,-84.61331298848481
85.06824930033208,8.600940872547122,2,none,4,192.32551828415305,84.63346496531304,8.8628739296742,2.8202959734154924,34.49283056173862,-63.76819957515544
99.6128061114287,8.18236119804263,2,bridge,32,212.00792322652205,100.1115722499884,8.580098323648905,2.48405169205345,23.65243687764484,-62.72500708323645
92.62055700819211,7.907808237733951,2,break,1,267.923604332707,91.80419105085512,8.242554572176504,1.6601438253237655,20.34626440845865,-88.05094317366137
87.10453883153234,4.944329595112957,2,none,4,225.12951013889196,86.16188135740178,5.056834639770752,1.4548132994028278,24.351494058464915,-5.98396650568796
56.479352845358655,5.0942333195810034,3,bridge,1,232.53713138893607,56.616312007007934,5.52480496248634,2.4206744372701996,43.63810656505561,-3.209117193460287
61.308338244085185,8.811455797600829,3,none,4,217.1518226368676,61.099445806566585,11.127524965532386,2.297147424799263,31.828040738984164,92.0232428988129
34.534162773271845,13.697869388307767,2,none,16,217.2364750821774,33.300798059571854,14.790748750320462,1.5104433661673227,43.34417102534569,100.61527840655674
105.1463086222271,9.962607391484799,2,particle,4,182.93505139864,104.2004632909786,10.247962372613754,2.539024615436137,41.15339381074526,31.109677229045275
21.244926320559017,8.053704802439306,2,none,16,257.7341453950972,22.229518181294992,8.408626164625593,2.079317616524911,44.93106701409161,-6.458708019773695
83.70031882062608,5.94544564617121,2,none,2,235.2171550547756,84.07765057105853,6.298348941770758,2.7574426499687554,47.52756833465325,23.18091408814155
74.70090694778187,6.470811938725735,2,particle,4,201.11256032900036,73.43774612784576,6.689950741275494,1.8222029154134192,33.10895353286023,13.833982991073157
111.18956553595609,8.776366699132154,2,none,1,235.80327777835663,112.1042589989024,9.672800541728009,2.1097605355348965,24.317647449990528,35.77387420405324
25.373532140792292,7.144398904295525,2,break,2,259.84201707811746,24.689556622282247,7.52354468870108,2.2058276650695228,54.543201993119546,5.51487839436669
34.821597535966134,5.772605621493761,3,particle,16,186.71579822142368,34.10442167268809,6.292401109644574,2.5631607637409983,33.07113776593947,-60.85018156755335
60.690090730912004,5.738867922707658,2,none,2,256.9149121541915,61.18098332307317,5.808114403926252,2.8861874162871684,40.22692668849463,24.935600491387905
35.000293332724425,6.83154763286262,2,bridge,4,231.905226478103,34.68506767123444,8.28225125813945,1.7410037527765445,33.38641498563558,59.15998775466525
30.279379086512733,7.191121030289397,2,bridge,1,185.6278460131511,30.10007356390878,7.278897414781757,1.5506493444866183,30.27518747938957,44.259714701322736
49.76175257710306,14.27313295633002,2,none,16,215.91412179490348,49.14577572514728,14.730172793638024,2.019716789791186,34.79505215801575,-118.47340908890342
76.14382676873181,5.701048347024351,2,none,8,237.24871034383983,76.33143980133583,5.847519494797172,2.8254090679840838,22.86022539819852,38.469284776104274
26.084685134066632,7.517491902972546,2,break,16,235.107988031056,26.455231888840025,7.87712006980635,2.2163210908304465,31.371601348366987,21.00149944848076
99.76527219340448,7.404566258007303,2,none,4,231.6233132972045,101.08809585925457,7.942884117385849,2.182579898924791,22.89732961023949,6.02984384202324
72.8876247400888,12.248016447312535,2,break,8,249.7065114033105,73.09457363887223,12.752959308154908,1.7358300457973206,24.249847448906493,97.94685948877122
70.28366609895517,6.466677821499789,2,none,1,209.40873802714933,70.9984682759571,6.609456007976429,1.5129456742774265,42.579776042968206,46.77285338439188
36.3659224782989,5.190625919280318,2,none,32,209.2111791415138,36.37834095164404,5.208826417655145,2.1725953740044446,32.02559583623838,-52.66495415055341
35.89037484373002,5.322788446896918,2,break,16,271.98439095085337,36.09482686862965,5.389011491928812,2.3626417631867573,34.93934992545857,26.97635907171616
70.7733412456756,5.154537103267659,2,bridge,16,255.77047896659604,70.19011384004605,5.472385804557252,1.889146146947773,32.46889601908536,-11.5107954411028
92.57599938615301,12.76469970784,2,none,8,264.5200402013492,92.72701847584727,13.199939330301737,2.2375115693974377,37.933619458324365,-97.42978786855122
72.22313341309967,4.145468466207689,2,none,16,231.2528521662601,72.04357358847011,4.465212862916698,1.2082766937694294,29.393161163826424,-13.230129278245812
23.079633582552177,6.5375520559070655,3,none,32,217.2650606884128,23.505793745491456,6.729531452771436,2.4265834919615097,35.80879628507461,43.95302389935051
100.89876775144243,7.833382810522624,2,none,4,258.6854361342743,101.15331151243174,8.880441180034321,1.5251959190608722,23.00716226392299,-44.26079934690904
61.20376764763174,5.693047770342689,2,bridge,4,213.01934724106485,61.13840406524962,5.838639273255787,1.6303840420361646,36.20496335200555,38.76158313754519
36.83144663132225,7.407271997016675,2,none,1,199.628744824776,36.34333283290546,7.855703373338418,1.4835798072644895,28.595545313170746,-87.3215609993668
86.6851153797921,5.629226199245297,2,none,8,223.61761042015004,86.38611932883738,5.743794618768754,2.180174631043095,20.69209318097801,25.49081721263116
74.43282370512604,4.586359830413621,2,particle,16,244.5735470023517,74.59001018328959,5.069314131373334,2.784607930439635,36.22080685657477,0.8929597453636404
52.615850287566055,5.937019971071473,2,none,8,239.9093911711844,51.36920755503878,6.121890635809153,2.559361128295019,41.23549599053825,-32.89524400899421
43.09886895551594,6.228152609909188,2,none,2,230.99486177023505,43.49632651624275,6.463256825064505,1.451069589380777,36.853281007331006,49.37953205013454
84.50129278708341,5.9724288792832265,2,particle,1,224.7551388298216,83.68189431452244,6.327738332112974,1.2736963687927882,33.21887808585854,0.4712330658718429
75.7059729545785,8.958579479914086,3,particle,2,199.23293722319525,76.73135032473544,9.617355069387967,1.6227871454066531,28.659719381169737,-94.53475765640478
47.052117745838686,4.7555482264254065,3,none,4,232.60877445952616,47.265408592920615,4.932878882283227,1.9047985587885479,39.54051005676935,-23.57169872983724
101.52122612427615,6.833773264472256,1,break,32,268.5686216339285,103.29779708284651,7.746981143770225,1.8809813013764334,18.233262740002303,-20.743961498082285
91.49767156040103,7.051456499724813,2,break,2,216.51608258249624,91.38154282755144,7.243664799606651,1.365479775387107,20.803186385820474,-9.668689015928294
88.46113101326642,5.634875153919713,2,break,2,272.200452893748,88.6215233841726,5.747492769797211,1.4224074577766153,32.319172013371166,2.2800243337368045
67.20682517163812,8.105045521215029,2,break,32,269.6358888655494,68.24659972517598,8.245469926944642,1.9501118261194312,46.54637897280308,-71.47440148127893
85.31092289210186,8.886408182539673,2,break,2,180.23606453005485,84.94687145517346,9.963307630914532,1.4627329663318955,26.38522951090006,-75.15421352521142
116.43831768372672,14.816395381134054,2,break,4,232.8928868625466,117.18920337286436,14.92210577971692,1.8266387967952973,19.614209152874945,-108.21721893354852
47.18593212532761,7.116712137664307,2,break,1,249.4802872803192,47.432018913919066,7.33584663035496,2.5635612795556897,29.86271332102672,-57.36278754637392
44.0910763627754,4.485351936725292,2,break,4,205.24585109964423,43.85661875874987,4.8868166751073145,1.9546003978758488,34.619234033987304,33.39197326606666
33.34560603731225,4.262127440130898,2,particle,1,238.8561720888768,34.653057407410834,4.623692879713047,1.2626762441147765,45.07718022288651,-10.9506649637639
66.56795717526427,6.850827554646743,3,none,16,200.26255349467985,66.02100686584359,7.225330534853696,2.6830130828206302,36.23322903435757,50.88598238384032
50.59175810258975,4.16770368823242,2,break,8,243.3315953823661,50.91518425740546,4.293442465771236,2.268961064519146,29.14864830112682,-31.41466885289668
59.69123078071258,5.1578399009202816,3,none,8,193.30135344669796,60.4676317032814,5.235516330728718,2.4465624371133643,34.37088443036046,-7.457563098073166
28.605507823055348,6.683774128099076,2,particle,4,259.6507481245644,27.611463392505662,6.912884647844812,2.109256399648337,40.767331645709206,11.574027939855624
73.84605809093702,9.152949366838428,3,particle,1,183.51787485837616,73.21486362177289,9.43975379826349,1.7453728197958762,37.13508721675085,-81.96545072922748
71.63999553982083,5.672451264347132,2,none,8,256.11912625831064,72.21240732454676,6.070728496580117,2.089125898834922,24.48120885498125,-2.097327546471064
132.44104984404188,13.072318408944565,2,none,32,223.47836733110853,132.08021588249167,13.50320770915235,1.8008485993769106,25.76852704028217,-49.60053036954159
69.22591254299013,6.4046210368302745,2,break,4,278.51133192086,69.73075874888245,6.558826262299304,2.6675566091712515,20.60014463527671,-78.3127918783001
46.00111856602999,5.8045052883029635,2,bridge,8,221.12017172166333,46.57072541567975,6.278337169969584,1.4732015917426478,27.45522341099202,-47.15274971510664
57.192061883169686,14.14211572354617,2,none,1,233.1292975229626,56.82571603054155,14.428531682990409,2.0303319181960755,34.95133020774737,-126.88827454681991
64.76372661454917,5.664044837148559,2,none,32,185.33568484789967,65.2282567523177,5.783251196852785,1.6659722366641219,26.09101554867281,-23.12969781012802
53.297857021330316,5.21866974881455,2,none,4,251.5061221338336,53.97225549521026,5.458185679535251,1.605643525511722,52.23746290708108,3.1399141979183014
38.55576963708836,6.519299341127587,2,break,16,278.46326488524085,40.02618400130934,6.835585224530274,1.413264466917424,32.23104344739271,-53.79447866800189
94.77192687556641,10.648805233469055,2,break,4,210.71769638822423,94.96253853098058,11.360562083773774,1.4244354659745317,31.722725751751653,-90.76800171086754
131.6683812869852,12.166629990644863,1,none,4,244.9030407532734,130.40691230673255,12.364361316465295,2.303124127693235,20.529992926914943,42.71641536348898
37.069739622788795,5.930396336965841,2,none,8,261.3980732374404,37.57858085063022,6.365515988552333,2.9210905632861186,41.90369832516186,-48.3343088444017
53.01017907764068,7.285003434797254,2,none,2,259.7101511373151,52.0768662478386,7.434938982359836,1.5941818023342402,37.49936077971604,-55.77381375565213
109.47368276714288,11.881808943641609,2,none,8,207.2256901773725,109.81312428541372,12.059481632675745,1.495325902905335,36.073423166955024,72.43555794511087
36.37375042383772,7.477233901308845,2,break,32,241.30708196894352,35.1341587019554,7.760188207190651,2.129480449993452,25.00310278837545,67.3764097954826
61.597271083128675,6.511130382811846,2,break,1,246.67227253094933,60.83038635626511,6.85055633529507,2.051069063906828,29.014845678022365,-85.17655935852731
54.708638077741085,4.9850336850434696,2,bridge,2,218.90936576286265,55.45045570387329,5.116694243093162,2.7380653981258307,31.6606135976748,-60.254407552828695
38.287265651279085,5.52156279106687,2,particle,16,204.735608314868,37.53845373263106,7.65020028569854,2.9468345995978487,32.35824897306954,-100.44495457362667
74.50630140523575,6.017309247026322,2,none,1,196.3477204353608,75.16819615347391,6.961478442466726,2.426605171833732,28.69886919504065,-63.03831706337276
74.82279012475851,5.32032278804331,2,particle,1,272.79830923661467,75.18785705953255,5.526678723270091,2.0144478624309494,25.79372828164067,-43.635336629726055
87.70277948112812,14.338647916796546,3,bridge,2,210.1265043037141,87.10998878211522,15.216322054104312,2.0225455459682173,25.195393535362413,131.89876244781647
19.52567623316844,14.338646210267747,2,break,4,274.26614243208,20.06740709048872,14.745711626452511,1.315260437888067,41.37058137227366,-93.70614130132238
62.984076555573154,7.172743736986316,2,break,1,222.33790935466493,63.0624333857329,7.3241050366608595,1.7577097560830586,51.42077536876937,-67.60324784828238
100.40731848716968,5.497936753580319,2,particle,16,248.0352965052962,100.38947217314092,6.191400880430498,1.6244461198018594,23.469678835578183,-43.26522422343433
142.22293866738275,14.178791017468829,1,bridge,8,230.01263287583637,142.21046945520922,14.22502268160905,1.4442193970192565,29.558259923857264,-14.000075800060388
32.765036817351884,6.595831904434421,3,none,16,232.21954984493817,32.62624530572449,7.105657819058795,1.8473605096741659,34.26824203671035,-73.97271088631199
80.25775002221394,6.626930701115565,2,break,4,212.65213745636345,79.80041669181199,6.758690279937941,2.711893898279417,26.49675946051497,71.91237247589936
41.86985736745297,4.10369564051847,2,break,16,248.58540754905616,41.31298984574025,4.720468220621647,2.848181399492047,44.873187960316415,-4.8876911612538265
54.887707381424235,5.126753670597226,2,none,32,233.50647029905176,52.77915697520535,5.255803738237673,2.673870766518977,42.84047839577826,32.26246450117989
67.10490812394104,5.127293134901207,2,none,1,279.05120440387424,67.52896704282925,5.313178734612237,2.365387649775598,49.90471147601153,7.677284053471027
35.70097221270811,5.718816795630105,3,bridge,16,206.60813279901785,35.05347907177635,6.006439875652244,2.3074593670724384,32.50922724179487,40.48293470768152
67.73931859986223,14.487645290234502,2,none,4,269.72361967789925,68.63814347325066,15.201084971122006,1.7112103470621114,32.46193665786258,-134.5952204736745
40.01721224575948,5.318768419966336,2,bridge,1,253.4008130296146,40.49781169947085,5.457414783494039,2.0264647679237306,38.19298643149737,-29.161692728813733
58.96443514147052,8.068422589202633,2,none,32,186.01410425468137,58.33479578167201,8.133857322105142,2.879706281712852,46.24504969462117,74.22440913251168
67.5050031678654,6.544696444243133,3,particle,32,211.205025954876,66.59903431804011,6.638471754998954,1.4769661133573104,47.21193370288191,-42.92329175264968
91.95850984081585,8.348972907170655,2,none,8,250.4588509755661,92.70578547961443,8.609047807313083,2.8411924423469967,27.0601444119698,-80.97740972708188
105.03045599049739,7.027398294147003,2,particle,8,225.18533754727756,105.17777798503909,7.416012711863236,1.2636383735932504,22.16394139856757,-5.087603383971072
115.39440285302646,10.708145778884571,2,particle,32,231.93482686890687,115.8412036020084,10.962721993198723,2.6213254220870255,24.00487835752332,-87.4583508380481
49.23630641406075,4.954729496877875,2,particle,32,228.71981786908464,49.175374064204405,5.020110230613433,1.9908636842914702,45.13927592991922,-39.63896997038091
118.7181366927263,10.074677720724903,1,none,4,242.19856552090164,119.06837858123336,10.159740564697586,1.39513588365754,19.232037685428008,-56.75379089589627
109.29734217744677,15.16635087993409,2,bridge,4,184.28559782155355,109.60849631299808,15.65745333670628,2.877179465796461,26.11392647677228,105.72048532112213
35.87471268456149,6.498021830622111,3,none,4,184.47406981274284,35.83864098576995,6.845951681598243,2.176588599996876,54.87220334381531,2.177391023052934
51.938651743763984,4.146431182074369,2,none,2,209.6739858605786,51.83904113334668,4.696440864676926,1.326478993498588,40.15912470417102,-44.203850367754086
87.77901699898824,4.875724550665939,3,particle,8,199.18683656970487,87.18578871378467,5.164152742859428,2.2101067002466035,21.353072643234512,-10.050647136396975
62.329809710601836,9.145691349309681,2,none,32,239.8521395724236,62.42626816256993,10.342457140585076,2.2328186452566783,22.790221335274428,-89.7895847176904
25.71730226017286,6.7760038605690305,2,break,4,273.9904211599723,27.103665634649172,6.887164567643246,1.8081054845127622,47.97035008183684,20.481821573542646
137.5354593002611,13.057963412158589,2,none,2,224.39835841385428,137.32136940455055,14.386639942567273,2.0820348476320967,23.99532198496744,-12.34710267047359
40.70975754985862,4.650381176854154,3,none,2,211.0338581296148,40.71508025475156,4.889856138544927,2.012577971340099,25.801576561457946,3.161849836024885
41.150792461482304,5.42070561378339,2,particle,32,243.72927078796485,42.01843808496135,5.965978818787295,1.599248525652746,35.699431232195806,-23.73890772575808
109.21632923086952,12.335716573486135,2,particle,8,244.95991626833285,108.97008373601057,12.93453151539294,2.0770233530954174,19.11893816529276,109.31520309308814
122.44071735389298,7.845792028648723,1,bridge,4,278.1458019686875,121.74460296812686,9.517943538562571,2.0657163476246474,24.665782004694773,-27.32953048988415
58.81593213438802,4.516826692750188,2,bridge,2,242.8188044539118,60.14145504295225,4.830373566328064,1.6988455630446768,26.402907047940808,17.441435104983782
35.153584152744685,5.482118898689224,2,none,2,252.83468784924716,35.375782564136,6.3378989867630935,1.925753154164818,53.05837401014396,-21.410163766156813
111.76263558620379,6.526512359037783,2,particle,1,224.213392171023,110.85034490463616,7.226500429847702,2.207560594273721,18.57503647186333,2.650063419955785
101.80002110020938,13.024798315653204,2,none,1,257.458574111676,101.76370553234618,13.99799666380012,2.479537240594106,27.23092756047669,-111.9678027503778
129.35935531356844,15.317271035744668,2,particle,32,217.5171941991224,130.2312328021164,15.42872443765148,2.31575786749156,36.2486948209505,-62.53244117722626
22.77642931809575,11.064735181921419,2,bridge,1,252.73708625495487,22.30513155346821,11.19490162646122,2.8763545393179277,27.933973660465096,90.50681820403425
93.08423230783569,9.716271198521344,2,break,1,197.1091987932967,93.68089757011568,10.191488593171924,2.3262155603695005,21.754196874156744,-93.80675288555707
75.2125831452904,5.586922250423987,1,bridge,8,277.32599218877607,73.821201746488,5.613627037640297,1.4810769666681085,39.21920743174847,1.211964851052386
58.445650097018756,9.417251659466844,2,none,1,254.4344290969343,59.08605596047458,10.130312082266022,1.8339985285997464,26.70833661346049,-84.29743501457823
47.49988178830927,6.273616229841618,2,none,1,262.4220174746485,47.29965182164694,6.382591733724371,1.9215613992169245,35.255915527052736,-35.47822121353741
90.59859761939485,6.434308096891899,2,break,8,222.94194509362205,90.62166987320067,6.913755880429608,1.9666660126295654,24.89607123790563,-5.136937335078756
43.11781211560185,7.265190819126719,2,particle,2,255.6246127543825,42.635962106968215,7.570246058039213,1.2417759680242795,34.428785401828506,-47.57423226555992
56.613076781524036,6.223145815634451,2,none,2,262.63190864870245,57.12680294712756,6.588930991766029,1.61240984765212,31.51106052943274,-61.69146616248365
113.26261411898027,8.223347975041124,1,none,2,223.6430476283959,114.17130511758504,8.368307468014617,1.5235947489586432,20.200282334516448,-51.3674544516179
64.95672027958497,5.882253655798124,2,none,4,236.8725944621313,64.41550374876758,5.976507529220389,1.656897665957538,34.91136647017061,4.103082675711306
54.088264514331684,5.1133975741042725,2,particle,4,235.9655072420926,54.19997472961264,5.4518247265942055,1.6296543735838682,44.14872171032888,34.50115403604312
27.762255386388418,12.304173150368532,3,break,2,205.36537027974663,26.36464024028133,12.997620709717156,2.3890179797947457,48.29818207316292,-88.94894750156098
47.208541452667056,7.477268960411578,2,none,16,257.3038446229328,46.69507522059004,7.574376864031264,1.6940051881494438,34.89357520794715,79.35805976253653
68.10679909110009,14.156301326049856,3,particle,16,186.96853335817215,68.5368598923894,14.739638078668202,1.3220533069688223,34.1510462792547,-137.46270212377846
96.25120764021153,12.198775143312655,2,break,4,237.0590331394229,94.89059360455454,12.854837594997097,2.6835132184610946,32.727311851649894,-107.11320923627868
93.32209675654804,4.441046102780532,1,break,8,277.5147588693776,91.8326570850465,4.892007924851695,2.6442463176868234,20.171705504324184,7.25727841635603
38.77433682515613,5.38090506899616,2,none,1,244.6667881966472,39.69906642299492,6.0371907928739805,1.7417440978190741,49.835923531252135,-19.03920196035486
65.88188526567612,6.814215773566756,3,none,32,180.4478480855426,65.35539916977896,7.0496948878214365,1.7617471316176558,33.400570593445536,-66.55807303054678
70.91656368471203,7.224452143516852,3,none,32,200.69589854264663,71.13235298837976,7.317167740303096,2.638046570970552,21.749847185208026,78.07852510364631
63.71500638398296,5.738198255524282,3,bridge,1,199.09480351819283,62.614777176409,6.053850364053246,2.854164674931476,19.27009964033524,-66.7751869768651
71.79536936254488,5.377718868147257,2,bridge,4,227.48387940745735,72.11367269517046,5.64989886969764,2.191942328679405,18.6311886833661,-61.53431412133217
51.2029629294114,13.97740044435353,2,bridge,2,211.24150856841223,50.94520485277848,14.948637006043295,1.335308149838853,49.797758750084185,103.29974549058652
53.43314434102691,4.320864536259051,2,break,8,240.01331291034725,53.04053482402232,4.626650903263227,1.6346359342033132,36.44257394015212,-3.368149925836434
98.84560082503765,7.730891860913044,2,particle,32,268.6503083214068,99.5324477604598,7.884618810109438,1.4198698172161333,19.978673288417887,6.470094018147478
100.4299043682284,10.219728290013256,2,break,16,206.39082675698128,101.09215669857618,10.830700052240408,2.981402508444039,31.027902313848717,59.4501687849781
45.61858367645956,9.590921994962182,3,none,1,224.91415764289127,45.80349906832463,10.137426484562669,1.7577737601871273,24.97243713948857,119.648370559123
96.48329373363167,8.68578957693056,2,none,16,225.7689657190737,95.52853193064368,9.092942949107258,2.8600132350443386,24.040926415359827,53.976714167142205
65.92230835947441,6.705602865315454,2,particle,2,279.2964755384992,65.11572615757375,6.862947336369889,2.507943520030322,39.786837458009664,12.175737457663445
110.25300362648689,13.28984632851364,2,break,8,256.2071989358023,109.87721692373324,14.066667531725498,1.9229936152107818,20.66541995258061,-137.6826566622529
69.20523806903122,8.454052799935237,1,bridge,1,264.99487678549855,68.87680810584757,9.052414826345982,1.3663935173713122,30.73423204987646,65.88619377769007
72.67038308006704,8.450071854532782,2,break,1,260.8233117727755,72.75467400771733,8.58885967117377,2.2607906565737617,41.10261895000585,63.85837755130112
54.016661721843576,5.507415944947416,2,break,32,260.40375661143554,54.95769644287825,6.301725851931369,1.771784721343833,36.25909315554827,-45.8358419722818
93.64043949269039,8.037987646258578,2,bridge,1,231.85461485176316,93.86121159236632,8.781670089026388,1.856169168667228,48.88840717259811,-87.22927160260213
35.30497325150211,8.239757454417594,3,none,2,192.3070466670533,34.89181638229178,8.356062610543358,2.7784697708263755,32.886976669861575,-61.59905997495609
35.46008469020019,5.876699015207028,2,particle,1,243.36503812159756,34.518019676713266,6.151195244446983,2.949919506829626,32.474275158884765,-37.86493694022721
123.34274231021159,12.032965391995734,2,particle,16,250.89174841880737,122.25015052332462,12.741801306528306,1.2220991029416959,20.01004205322071,92.40643573702248
75.95443128025293,6.970220511193215,2,particle,4,205.435967908074,75.74589692302303,7.1529996661473225,1.603121230832774,28.061555367188504,70.60068993189142
82.2964781456321,6.4356352699009785,3,break,16,216.695239675808,82.43558325891827,6.688068481165267,2.727666372073485,27.25349265376588,14.02971070192828
88.61306605476773,8.105861422549586,2,break,8,260.0615266127048,89.05359977000948,8.319658617024944,1.7586897172454954,18.073335965815417,87.08102769660513
28.143542789821932,6.758347776419258,2,none,16,246.1480455398693,29.03819061061337,6.821634845200304,2.713270972209486,28.329431817431548,-52.778302364165086
70.0827918169955,6.459220072721944,2,none,32,245.31867244750947,69.87346612256546,7.255897345003383,2.8640903805415316,20.32390792956976,-89.69320916205209
101.6591951554633,7.674236628287703,2,none,32,257.9752351072556,101.51334255223266,7.916285598066344,1.9690584635396466,23.53265529914392,-15.455543496039835
96.47851755570798,8.303342866670109,2,particle,2,231.03052173207595,97.03393824686574,8.588366031248613,1.5379613435586128,34.68345929498752,49.467118013366445
25.33089664340441,5.692325046412156,3,none,2,197.97374715307947,25.534092322211738,5.796238749840058,2.0068436984349507,33.50940278901334,33.885916808053594
44.169349213273335,12.078949473377556,2,particle,1,218.4534980484094,45.79793979066564,12.579583889092165,1.7548721882421185,30.422979749340808,98.04349928481804
88.52274421803342,6.3373938627251505,2,particle,4,238.2923136729354,88.59299765230251,6.52398962036597,1.508926689589979,21.27543260296501,-41.93799278841274
30.96903253914448,12.01965789595189,2,none,4,199.38877195990463,30.23604839328627,13.184118051759544,1.4109630854158537,24.69505369996368,-96.47573003029324
68.95476251221936,4.804709198736909,2,bridge,16,263.0500992896215,68.84542179652118,5.115436848327014,2.2261568882181493,37.03554150867036,-13.98107375568435
51.37326747859231,10.42806265620705,1,particle,32,266.7511008796233,52.31046828803822,11.119802206829329,2.6293928295685682,36.40688962723395,-91.55707462895496
49.88933041238467,4.982875250441717,2,break,2,244.09627818517623,50.22086959138382,5.361858018912194,1.7614605808696597,28.747898376908854,12.794890086775297
138.41179389083095,10.876872784832019,1,none,4,275.67997971657314,138.73982591956226,11.50534651722826,2.4410043837905304,18.940585628295583,43.747309944001415
37.52028242656226,6.744025578241015,3,break,32,188.14732920558592,37.89885442574331,7.165996323486223,1.4499722476757513,52.891688277540986,-51.45512984405738
66.47560337125304,5.630189175948045,2,bridge,32,274.83782166206913,65.8663829309841,5.900349364848006,2.9928786536852914,34.53026117888483,-64.78749960333522
54.222952903363165,10.32664887424745,2,break,16,236.263434482284,54.36838742171067,10.92653701809991,2.3853237477166385,49.84932271035544,-108.04820152336444
32.3762671291521,6.759091930697703,2,bridge,2,195.09035602008836,31.78686422697993,6.994168985526077,2.3294943544987157,41.78179785952932,-47.93783356188308
77.1007112306796,7.3996824682525695,2,none,1,196.6434292556007,79.10576722542194,7.905273495828892,1.8530186439333327,34.0981063093535,-70.7393602573769
76.72993802651206,6.310535060615443,2,break,8,213.9234468886909,75.5915492854064,6.495088852708664,1.70112006499753,43.08591931416248,-21.64231343245564
58.09771526809692,5.031944277282556,2,break,16,214.32358507890723,57.55095232653131,5.261440743974999,1.9081896212350735,46.42648022765927,28.389353735833225
36.146423875506635,7.171232502364951,3,none,2,201.59138631343697,35.56934626176861,7.259988418242802,2.3972379346141306,39.44444447148985,-65.97410746160926
50.79300448506726,8.50821390462826,2,particle,2,224.3824222259693,51.47477468491302,9.03703702479926,1.3172735620765603,46.72960417332213,-93.17904012402408
60.5302711668577,13.040759112765251,3,none,2,200.1719921173187,59.90736286674786,13.880399820706607,1.2015441116391445,48.84944418951801,-133.05983538696103
69.29999545753871,5.641106152348321,2,bridge,32,229.6026096536713,69.47608555965076,5.846094786374278,2.694638247103338,48.53269647045674,-36.14828235786453
56.95951132791254,4.738218132427133,3,bridge,4,210.3600169482516,55.969084598582725,4.933084024865714,1.2050860300829898,40.00891407952213,30.70773748505005
61.98997953299855,5.9595532787496275,3,none,4,195.9135150667708,62.06431046349162,6.080416748055333,2.340974384352147,52.212381335565546,23.128255753225403
111.2648197832724,9.887249566048268,1,particle,2,273.46465588659,111.95280084883504,10.17992946120924,2.1036619553178406,18.190731771866336,-64.57345561628436
36.729190191923664,4.431309233104844,2,none,1,230.1982248566337,36.76548378916879,5.416361778613781,2.3104684272497233,50.91358569226423,-34.17040192275462
151.15183192190435,13.512561586280118,2,none,4,266.002649082977,151.74223817346848,13.639221209166054,1.392043114702784,19.187670337329408,1.5481530231416798
100.31016671251287,13.158526548127966,2,break,2,189.6786699642412,100.25380658343862,14.131892702106128,1.699139089195287,29.77529287747771,91.73712872427478
80.05795154978935,10.98399877325755,2,none,32,237.1540486506267,80.63620889680018,11.561023875433516,2.224111639028223,40.72757991818795,-90.67839967232624
53.42517396236915,6.894789893487982,3,none,1,194.99583314625727,53.84713821902785,7.157968869220331,2.64663977344183,50.665628826083854,-67.23619650776928
83.63568821695014,5.671659651132226,2,particle,4,192.51298845353855,83.65770419868724,6.552741459921669,2.0381180167587623,32.9563224216335,26.49571953780409
92.14092487769722,6.456464107206568,2,none,32,244.0025974574313,92.72953403733467,6.514454231492946,2.7232622036708323,22.37722648303674,-4.757483197639232
56.76470882611862,4.439330152716295,3,break,1,209.3872209953305,56.542011057597314,4.614875872950775,2.412032279102471,27.45962301709406,-33.63678671143802
47.22417435952022,5.3794157017087585,2,none,1,227.97817529651525,48.612130175861616,5.954997994630084,2.3280169515058704,45.68086750749738,-37.77375391562464
70.75294880128047,6.173217265819456,2,bridge,8,240.48410463958865,71.42494983958076,6.3303368209169255,2.601588061222829,21.742836188002286,50.75427982434195
31.78716141716599,7.909566104539541,2,particle,16,212.25579041166424,31.901307928466476,8.267845669794488,2.3985559359582425,29.63584847020791,65.93638100668974
67.90909873321979,5.153505294733505,2,none,4,198.596936178892,67.01530390912595,5.452518514148243,1.3898983513680663,38.87847100381851,-16.75872838635118
82.40940461184817,13.848917577822325,2,particle,32,253.2137393010933,82.13183389495768,14.20719817949382,2.584426584938986,27.66992589459088,110.46699860661852
73.89209171148445,8.813882415317256,2,bridge,1,202.47453655742547,73.80172873596841,9.20625353440797,1.3917967382740581,27.47569452513016,72.7191416572127
60.94735025526637,5.3088299321430625,2,bridge,32,219.1306741537799,61.89937262353963,5.38564723245165,1.9370437116235975,31.260030789868445,-59.09814527181665
115.19058979032839,8.789718572286853,2,break,4,225.2368237180231,113.52731563471936,9.909265713485164,1.5513661521352833,21.03980335732619,15.56906628037845
45.189755593042925,4.683494565905814,2,none,8,219.88142422753677,44.73673930673752,4.853763775403502,2.499411152888319,43.8822033810268,-8.9655198826201
44.385178417387095,5.185096723439065,2,none,32,237.0014597486392,44.16358979621912,5.287096948661947,2.0096157806279726,35.3116548785037,-3.4516437340002426
30.21317201379581,7.257265004418803,3,particle,32,198.44886562097167,30.744317053025004,7.723734120938618,1.7397168664591902,29.25175867053324,64.43032680976805
69.98726034009724,8.20367402599257,3,particle,4,190.81073333407875,69.17380969313768,8.452612004157126,1.5230188214903202,27.25906010585897,-78.09989454017031
60.217473040440254,9.819884902838002,3,bridge,2,216.60797014258503,60.3788172554714,10.13139117737864,1.675871180154465,33.8509684563826,-85.37119757930357
61.06937238060009,6.487936737940369,3,break,8,227.50590058822476,60.87416866493869,6.812667380080674,2.152495434736987,37.60868511388392,49.80076395585306
127.05433921179565,11.943070499531132,1,bridge,4,227.8871641518748,128.26275762929345,13.495524250633752,1.5286615615200077,24.52504255933025,57.60355803270852
69.7132646597156,14.317080324809876,3,bridge,16,183.21043320655397,70.05706704563892,15.31924084466563,1.2347407096855927,45.54427059850683,-125.58957736969036
79.28190235331931,14.144944592710573,2,none,4,215.0936697709849,78.72646553807863,14.79090984528348,2.7272236761816147,28.815251445270896,108.48144006203836
57.601671292880056,4.981022726092404,3,none,2,181.83537183207636,58.609366654334366,5.138422688146889,1.3036658322997052,21.06910323274722,27.50173196777021
79.76714460401519,8.175542367291353,2,particle,32,223.2865341576421,79.3552030379333,8.375307342989963,1.8151562539543127,24.19285458169728,67.45195220499227
46.37253946908845,6.290350670367959,3,none,1,204.4932195200804,46.15161987644982,6.514276671463505,2.1309900965907826,52.34991230377428,50.427742122211015
32.011441438615606,8.168865063116733,2,none,16,198.95461111294105,31.79200850103739,8.412846357575992,2.567973424063437,41.7653297913954,63.660954351131664
64.50528194694155,4.718362966618923,3,none,32,203.2106181616271,64.71812449311312,4.888486718093362,1.330839537906246,28.93669924224166,13.383826146197263
100.1975269102603,9.981102329457528,2,particle,8,226.8538815317248,100.800406766433,10.174609270513562,2.395718794373857,25.680751519265755,75.86612641823942
45.30384053344471,4.645312691848956,2,break,1,234.5062962463184,45.1771902135375,4.749445764750833,1.9279694121149409,32.48117339065266,-1.0488684221423057
27.874480957501305,6.939568363549844,2,particle,32,258.43554469602395,27.652215694795952,7.306962215537656,1.4113750427801137,45.19466214870878,-8.612615438022232
62.97151523119595,5.5801559883180385,2,none,1,260.65631856731454,63.13979925330678,5.908945406451863,2.370984287715911,27.796141714905477,27.726989274004467
46.00954409459732,6.971860965016544,3,bridge,2,193.58030560790084,45.227190636869096,7.250535511144029,2.698596053369241,37.20815885319661,65.71445885977232
45.85869214354299,5.314372789652825,3,break,4,185.33150778110547,46.12642530449512,5.66202864643267,1.7996781792500065,29.79741162854603,19.032309527137272
55.79774628225027,5.018721234728979,3,break,1,192.03522163694947,55.63293732966225,5.119555213639125,1.9976150037774065,45.15284441850811,-8.69092725121763
104.75358403480845,7.814878869731707,1,break,8,248.7031813332892,105.28235097932924,8.44306206582585,2.596775673125993,34.972233042838766,-43.16565199007525
50.40791094903623,4.612276647161852,2,particle,8,246.80220331388023,51.68074566716786,4.926299284365465,1.638916525537912,40.14644344765288,-0.1731802916483502
32.078213499709555,5.197086467402044,2,break,1,238.84468391955187,31.72011417741995,5.470523922312533,1.9368282133571588,32.63065571389404,-39.94192002943015
22.263491411649937,5.375783507904627,3,none,8,206.4111552698657,22.30269180872838,5.608978346046203,2.6901971395512136,41.24872432731237,-12.804265480471514
73.21927040200654,6.269952075495738,2,bridge,4,265.51552839103374,73.12245528510907,6.342926492801496,2.8579311951419397,36.66537409710492,5.607401266473062
31.390320029114108,8.658687093124247,2,break,32,264.2027709834492,32.20748417837445,8.929505563310904,2.7413344519911442,35.42006669842584,-67.16127266628405
92.992308765814,9.667442570078423,1,break,16,250.79433635722685,92.81954842375734,9.991568015530127,1.940156824388257,25.242890263241808,88.36804968431846
96.6320514515538,7.256210012055021,3,none,1,202.76340551313436,96.94084186194196,7.551826374334061,2.162845704492544,20.04850653851493,-31.536545720930174
94.37683916101662,10.146361980756025,3,none,32,182.1947253366912,93.34551276607222,10.452019680345025,1.8459133880508207,27.44205792408293,96.71361707709065
121.89138949860028,9.781028370558886,2,bridge,4,238.2560997880967,123.71310513712044,10.299881608618415,2.8244760271584264,19.88499638640191,0.27106907583007
85.40111829640911,11.337617454832369,2,none,1,230.15260754676143,84.60394959009972,11.64509899260437,1.417406430619061,35.066276306647545,-104.3560571839618
63.3234751530544,4.74705101346234,2,bridge,16,277.0308682509208,62.65368857285889,4.842329604776824,1.5501718001708236,54.74152274909322,1.0509884588076943
73.523713184676,11.412308664086659,2,break,8,198.19286437001213,73.65084693208595,12.946520754300892,1.286387930440252,30.56531703126292,118.76037064568249
53.5420704969874,11.903548546749715,2,break,1,260.9902303861359,53.23873475512532,12.690114613554329,2.6576542875622904,30.12622647130608,84.37038369177509
78.55008387331313,6.409624251613379,2,particle,1,227.1061626191387,78.55098246547298,7.129609692756793,2.8622013406184896,24.631734384103403,40.01119523872819
106.444636907341,6.8789352237821975,2,none,32,251.89720851045792,106.7590880468686,7.133983710658697,2.389244846989988,23.721660267449806,34.727539151720464
70.91643060878614,4.734218492938009,3,break,8,190.01448801862264,71.57275287107133,4.79687304319844,1.3121177493607206,20.75176129424633,46.561426350397625
51.86761999664472,5.04728674177401,2,none,32,217.6832921253429,51.91864710743285,5.066668247264745,2.6607828573479924,36.03643039859374,-16.224826612538806
61.92121732576834,11.98129344541945,1,particle,2,272.73350487644154,61.55739929390448,13.33625593277002,1.9531917475945075,23.46082961670185,-104.97405634858752
58.68017865147442,5.624534402722659,2,none,2,256.62106165664534,59.00589349735471,5.710376961921635,2.498274778707637,54.66242945751792,21.615646055297844
69.02735229390643,4.702383049742016,2,none,32,238.4821474341677,68.21598134221702,4.748154117339468,1.7109503496465914,37.04179368649616,8.915453447998402
94.5960509744785,8.01057604538075,2,bridge,8,214.20481383774148,95.4732819081954,8.442472433294702,2.3104196141490547,31.242978402300555,-2.244242573684744
88.85916091429293,7.78830032530508,2,none,2,270.7537844890322,88.7725629860006,7.987998874276413,2.8921833870488527,22.586356292990786,40.51929072696967
60.64769419521474,11.670731815956174,2,break,16,206.9405150877859,60.54244133826232,11.883124363473469,1.7535804018721324,26.482960224015724,114.44027441778348
84.08646099736393,14.132786045545698,2,bridge,16,221.611185734993,83.9934805131261,15.51125021841412,2.36839084826928,22.039136186882462,136.09497828371866
29.485453891682198,6.635216602554256,2,break,4,209.35498183290736,29.482920256416048,7.031598373606024,1.908546234339437,31.29562559057408,-53.59843080567744
115.28517066964224,8.677066690169283,2,bridge,2,242.4280724408619,115.6450253973299,8.884927188117876,1.437500318619295,24.86380718264877,10.321120652934582
30.101422648401613,9.568452021239276,3,break,16,182.873356571476,30.202021295816664,10.063449498486404,1.5544040816821465,41.89318194430456,71.35489937175345
33.273754506108446,7.023390558175529,2,break,2,180.54358648172607,33.52552164805927,7.505190388623927,1.5209992755164627,53.30044418343097,51.011572712077935
62.34156976884966,5.870381841858016,2,break,32,223.36436423940256,62.681495696231664,6.356988546166136,2.3016405788123886,32.507847210930166,-67.7896787128539
89.38326019248343,8.053942498018538,2,bridge,4,228.47421359691845,90.61936812350544,8.399464974318532,2.4555273732326155,28.41702690657021,-46.26022132554476
91.69484249752645,6.258007122350582,1,none,32,273.1479858113927,92.17567719566838,6.374092180409549,1.3925736290924102,33.758311776347895,-14.56300442092487
61.99056507007398,4.7473691407615926,2,none,1,240.82149028492128,61.93809260987143,4.857466170820991,2.1417820305523687,46.8107037887146,-19.451350971495827
77.39731303172599,4.877329711535481,2,bridge,1,220.40954833086025,77.38050753389004,5.2302382173172735,2.5462791790008095,19.45343569621884,-63.97201633115266
106.59112834610403,8.735039866600601,1,break,32,278.83942910097926,105.51556227047551,9.736113903660105,1.5525041904711485,23.42391874876449,45.036464575921
103.9059511511279,11.155275206161548,2,none,16,231.77020350277823,103.55664013333144,11.68376843269074,1.6846029277585837,18.05466244667054,-101.01684480178795
92.00892377155907,6.781885524192397,2,bridge,4,260.8986545667059,91.90401295837614,6.882585541604603,1.9721964632425102,37.96237161185007,-10.148748748200203
49.00259489186542,4.525950641685164,3,none,8,215.18066328099653,48.60735604181325,4.956507502924426,1.2493109089821293,38.09401885090142,-52.21880028025028
32.071495663722786,4.828212211936069,3,none,16,212.8696611204885,32.90565863079103,5.370007488559367,2.8506062241224583,45.2571300309906,-9.397699471563328
56.9283079583545,9.202161483199813,1,break,16,260.3808466032684,56.80336429240037,9.429908597340733,2.5516783520874378,41.98692024038294,-65.78357335535422
114.26335873240453,7.603131942440797,2,bridge,8,272.011490660125,114.46934335487376,8.235480146035412,2.57954054424848,21.48500645854286,-4.363286464309169
116.54830206114366,7.30079292958156,1,particle,2,253.32917553824288,114.26322665804476,7.94253853684053,1.7937180714422647,25.983788517127948,13.530561026016102
92.15814111140541,6.088111864796704,2,particle,4,189.73953954412343,92.30169594974438,6.256085346882768,1.5986530829052696,21.15938757120042,-18.796669976791637
88.13091427347419,7.505016543045516,3,none,4,205.2108038494064,88.7394275816384,7.804616162010339,2.95479845471764,24.736836237254664,-83.04843531182328
54.68337168406481,5.533880383797138,3,particle,8,183.0071199402218,54.95883845170636,5.861133795631285,1.663097389292583,29.96040340950527,53.24843605902112
114.47620634986907,8.480711403258745,2,bridge,16,227.65527398080235,116.00482521815992,8.676678461538355,1.8482842713089827,21.35645508531777,2.2251899889020024
91.4126114316721,13.05297754774223,3,none,16,183.96854420223443,90.56611572542276,14.436135081530034,1.7249130848776644,26.039406454656596,-131.54237741939437
80.52565424775358,7.202842588001264,2,none,16,249.985071069022,79.6675616404955,7.370244610942326,1.72354287251482,41.89821745747975,-33.52588817006719
100.65968101795129,8.848189805170595,2,none,2,223.96624003530863,100.07450707783286,9.268019840984806,1.3367890573494015,30.471093858102822,-57.771139106703245
55.919517238171636,4.213804470429748,2,break,1,214.05674747939275,55.47481633141278,4.422411159775291,1.6710214386579418,28.492137746570947,28.59205384200115
117.96890494448688,10.054486418373829,2,none,32,224.3428317643449,118.5403426527138,10.309832985757325,1.8224914345479202,18.677321712859012,14.421979041858378
48.98162424704552,6.862493004901882,2,none,1,208.6678891711996,48.778833288301065,6.949362317536479,2.586408644771181,34.414238612870875,71.46040602053495
39.9404066493625,14.525049616873027,2,none,32,254.7653090983906,41.30136707280074,14.85318496152318,2.2653812924600336,30.516648849177898,-104.25749469195216
38.679307634570634,14.944435886493036,2,none,2,255.30664854921656,38.88555292587565,15.302596336429088,2.620885854445431,26.580365477408115,-112.03863592682742
100.10423933900113,6.819333930381889,2,particle,2,215.55126584815807,100.43182877979552,8.152507518233437,1.760201696041301,32.94457825710359,20.376397329504243
36.14391031990371,8.010179425642576,2,particle,2,277.6948794582416,35.327715141164575,9.194188053332086,1.6478556768197865,47.85295229479277,72.38983194087629
59.37538455442072,5.988293902162441,2,none,1,246.41698660749128,59.202175612148245,6.45180384922859,1.7437252542863075,44.01505620367684,18.62535425359988
72.84625523163913,4.454471728841257,2,particle,8,198.05795629154431,71.66917387778314,4.604184784467234,2.5949484778476655,24.83873217126302,-11.699612672037858
55.29138644056641,4.796445119900918,2,bridge,32,233.2345042854186,54.441631001939285,4.9957244641219045,2.6215643781981415,35.53960895781587,-2.517728548993091
86.00250417749463,6.904359752022232,2,bridge,8,204.36719992859145,87.25442408090822,7.360020644399762,2.968859247817214,32.3930424948351,-9.682736560793929
34.65129104349975,4.891061338710527,3,bridge,8,193.03728169779552,34.40657307938933,5.2590423117502265,2.706038924163091,36.6105989034201,26.7603076049879
45.56933811564133,6.4445683585492475,2,particle,2,258.1381578518715,44.86900619768734,6.825542416948764,2.5152402393296898,41.3990805704962,51.51565868434159
112.34473703381526,9.612530481441866,2,none,1,212.64085391654731,113.95360423985936,10.15807690913512,2.236072841834737,23.623906718528733,46.47097444765441
99.94732888346965,7.863140239352383,2,bridge,4,236.11371734098583,99.69648328055531,8.192000706594502,1.9534371439068816,27.203868337200603,-11.750448080286162
62.13027126921023,4.875409465974486,2,none,4,232.6369069831869,62.010864554570034,4.992856438927313,2.123067965134333,25.966545525556526,-19.42140440817224
91.51635657324869,10.2566710346397,3,break,1,187.76205131969712,91.89978704480968,10.533183176017127,2.023763758150999,20.174641873632662,-117.73980675028156
42.01486746115688,8.367418953463542,2,break,1,199.5489180712105,41.794055317744345,8.612702865471377,1.4062792726917042,31.23815886560504,93.04408839946848
76.18041263028016,7.359770713697876,3,none,1,183.04475134506737,77.00754460116217,7.93330967294389,2.9144300195985995,31.3286262765766,-45.52381649899789
33.600185747891146,14.89909147843919,3,none,32,181.80639294953448,32.716996732079146,15.816609264071982,1.940248736725507,27.91375075894017,114.12762101295355
106.6867189732023,9.728439498766688,2,bridge,8,227.54155665210777,106.60508299122296,10.401182379191685,1.424402371307288,20.0529884165468,61.51024025098079
90.51054911399757,13.49464859924293,2,particle,1,228.28603113592257,92.61820595323276,13.807064226280271,2.381981928461626,18.96101097546845,-158.0910309439498
53.909199859531604,6.431200978793093,3,break,16,208.024864847676,53.30398841171005,6.792120374811781,2.2204510820388608,26.784072438673174,-73.19850826301969
85.48143120239153,6.627823597799812,3,particle,2,185.07039456922416,86.10442488167207,7.450504573542021,1.9267656864610392,34.50652376080724,-47.811570464792624
98.14866158721736,14.56766836779402,2,bridge,8,240.90918517957948,98.0721643866424,14.63891602667159,2.6827897742140943,32.965321274850055,-119.47289197719
41.42881926684089,6.687297081026459,2,none,2,265.4895086947721,41.14712138186128,6.815091620646097,1.8172926946853392,34.63061316668921,-66.86619144184493
109.20003874109989,9.18424622183894,1,break,4,268.69728166149497,108.30245431877636,9.213847533556216,2.6844519764052026,30.566796643551736,-49.72520830890514
89.3613204403538,11.302708732631265,2,break,1,211.60302364807723,89.54778675613179,11.472643412852774,2.3674980075860503,30.07967551984613,-99.1266187215475
133.59087028152146,12.593514428582822,1,particle,4,279.45950919299844,132.93594337329316,12.64289785657508,1.4737650320570117,24.742143667459725,8.16773361983158
28.4029722006277,11.992532668440758,2,break,16,277.0631692733906,29.187785516307063,12.552672297329142,1.6426018653133507,46.48323338206319,-43.723772275225855
74.94541453584536,6.321243744277504,2,none,2,256.1799586101766,73.89235486912669,6.816490974039763,2.7970661812902646,26.85806758103509,-43.08890826751758
47.06728163588493,10.610173297476692,3,bridge,8,201.57666638392809,47.74848196640912,11.601932870029003,2.3527641163292543,39.212180422257774,83.31345922176808
54.30996209478306,9.542902443519175,2,none,4,230.41595403013145,54.49894131786641,10.222239572931231,2.472857266212107,38.29012013337434,87.18781249178522
101.45042786301651,8.484084839237305,2,none,1,219.74205002641617,101.40241254431773,9.007055277232883,1.798490225172721,41.23661722243488,-64.21743306895607
57.46895960546291,4.285984894060234,2,break,16,210.0326762443385,57.55208543484505,4.768563237926208,2.194481203335778,44.3146466081722,-32.510642291613124
38.777984448593486,6.591067001357215,2,bridge,16,274.37001076711374,37.947671957876224,6.805427413214226,1.3168227930532057,37.03131687287032,-37.19100814581071
75.00302970041412,5.450079258153431,2,particle,16,205.52078621723763,75.32049732437729,5.4931983551995245,2.3481982890946727,35.125033232995975,-0.4993815612336618
69.27964933719987,5.409842494117467,2,break,1,223.3710259661892,68.80609681613154,5.572741158550262,1.7413178365155415,43.75783888711666,-21.35233756205264
120.33010709076719,9.477108008742343,2,none,4,265.8117535203801,121.30558020431644,9.657832051218836,1.9731904559273032,24.5429199730386,15.414801841420314
45.05445648597663,6.803261816509858,1,bridge,16,274.64163786107247,45.39399642672725,7.0976390304174615,2.2463392090938643,45.27986183356374,-63.20917352529504
24.48308949016689,12.595435643281093,2,bridge,32,203.14740693251835,24.085862237319244,13.021444484575037,1.9097718121268894,53.04015954952898,-74.58731167304859
44.60341289639763,10.833595838392684,3,bridge,32,180.3189301656391,44.86918437562951,10.939377966246669,2.0312568816140275,39.37510929850213,-85.83869050199755
94.1374679540708,6.0256792414701135,2,none,8,193.1051671017521,95.2796921279824,6.6463234828912565,2.822583687580706,22.54683098456796,33.184314289039435
68.18328082589738,5.961532591464717,2,none,4,181.7654025216464,66.94835558059805,6.33063978082384,2.7085400553270707,23.80786799130465,-50.021094732250106
94.2362255584464,8.064312861100595,2,none,16,268.33224561734,93.83373074083325,8.422240195944257,1.4518777904296003,26.739166551699903,74.50986801193116
30.639183956432092,6.400924868244475,2,none,1,228.69036724593792,29.239016002729425,7.19426961215126,1.9795117657358996,51.905614116645815,-49.206763359032095
26.058296007239694,13.024334488121859,3,none,8,187.8269026718353,25.887106577785254,14.685953108082918,1.4079172765547106,47.87624701963533,-70.10602156299875
65.35005372850021,8.656920903309626,2,break,2,274.3483197545323,66.17761841900156,8.82269961798562,2.3574347686517694,39.12043284442933,76.32903241585979
71.77241015604656,6.343967951575964,2,bridge,16,255.01521242996037,70.41326865768049,6.464274381381116,1.9484677073661896,42.0175563086927,23.27579227260253
45.05185621939759,5.425425144115107,3,particle,4,190.3368070978026,44.947539238948096,5.776208643455585,2.5300286043298943,38.485618714636615,-8.373065222784675
28.34684124212822,9.982201902375019,2,none,4,278.2587224732334,28.358370843636152,10.392215852936532,1.3127188699340877,46.99414470263186,48.56296851142119
107.09829663780056,8.24001500343399,2,bridge,8,243.03748599449497,107.26753775600336,8.428025905675662,2.5283710848739194,34.65295456843791,-21.53472145877637
79.9475505813098,9.87073455330492,2,none,2,279.0706823953867,80.16795240577723,10.105222387666243,1.8510758201647868,40.94980961514073,64.0105911080185
78.65558799619822,5.741693820069201,3,particle,4,184.4543424956638,78.14052657822552,6.032439519669877,2.5502109130758317,37.29273162288519,-16.288187311787283
34.658005173153605,9.419497521500181,2,particle,2,215.66181804484248,34.67599930526556,10.332982027676689,1.9435090078346544,51.36806223632684,-85.0411443022903
35.28625471672624,4.44816814666083,2,none,4,272.5720310103856,34.465354544609994,5.131183259520803,2.4228991075368933,49.41031979497794,-14.8170633290716
72.93836537103414,6.612704535771739,2,none,16,253.75890987023945,72.42395282512364,7.106472802802172,2.6769637806503135,47.81744572520788,32.29804142162993
48.39879441597165,4.636770473978681,2,bridge,32,212.30488551805112,49.23303115305678,5.02330124858147,1.4519575217191627,30.932030249116277,-39.24549110322079
78.23570252131256,12.213601336821926,2,none,4,241.11187835122055,78.0848608185032,12.322322937141855,2.6211902664903013,50.42262101178762,-120.8891256724979
107.24054951533765,8.169866928301529,1,bridge,16,266.4232785611591,106.99596092646814,8.245045701069003,1.3805196573177942,21.43444271642276,-8.064918598215513
85.13381541863914,5.1194257402207874,2,bridge,32,252.78334969285956,85.45819545733144,6.38288302682516,1.6578446137801963,25.69739056608409,2.8894581055193385
37.25041315082226,5.045016365587753,3,particle,32,204.21366223621092,36.62863740882822,5.180490002083046,1.3254278134739375,45.0495456958834,-4.077048866136551
75.81164764907531,5.131038550990558,3,none,8,213.5435890254373,75.29130638825498,5.435952984095909,2.1475742987770055,22.25489470060897,7.075034654509892
28.65909924297429,5.790632662450402,3,none,16,208.4568486594791,28.75061625081527,6.224356104421016,1.232037398782516,42.30261250663662,-23.281095132559077
66.54081551594714,7.828495414730005,2,break,8,184.02061213683177,66.7155191149653,7.9908881574188,2.906895464200071,27.35913986402172,89.28709166632802
86.19794252339807,8.129905862689123,2,break,8,184.52787950662213,85.99262384870842,8.857500386843762,2.2974618856421434,40.697177822838206,-14.285547416973884
66.46962221919566,4.303119131857436,2,bridge,1,274.5215185895637,66.54677087118472,4.757226896003682,2.2062938407755643,24.902055375681325,-33.29190542387673
50.968729266719,7.934406961271563,2,bridge,16,247.41627724403023,51.77828334804688,8.420819070304393,2.3741549906423005,51.07005322664895,-54.55793152992531
45.63112810355359,5.531388276472043,3,bridge,4,190.88840964593388,45.094274532020606,5.652422489396701,1.6719498466177358,27.75408154356501,-48.89851028328448
43.73625389828522,5.9251077969118,3,bridge,4,247.71807043938213,43.33618324669887,6.132898299069469,1.8935774434181982,39.57650281211035,-44.60188092257465
82.406971345074,6.503129444399706,2,particle,32,224.23850824944597,82.77872136640035,6.8063858012560825,1.698747993030657,32.82891061224656,-52.82171160460702
100.06734632921433,8.426377328456985,2,none,1,208.7700992938174,99.27841495904518,8.49790923453757,1.4055287830057333,21.45919424657933,32.582143812945645
77.30470773191735,9.583326644514948,2,bridge,4,267.58358578349686,76.78776906817167,10.46631561335747,1.831898269583049,21.616946510459456,-99.61543864435058
38.78597732753509,11.321822092619833,2,bridge,32,251.25006616862996,38.84879965003389,12.20318536851516,1.2046538059067198,36.776338694209,99.44549601081684
130.17737965017614,11.118174145242447,1,none,4,257.5107663941167,130.64649707400426,11.180737468955202,1.600924332630561,26.10908998225792,26.620783443565188
27.751394598647778,9.339426628895136,2,bridge,1,250.67303405572108,29.00821473131202,9.910276417190694,1.9484100311832127,46.11388169163652,49.05792458231508
37.329084398803715,6.102800022869076,2,none,32,260.50582184166115,38.03534359783527,6.263716565869292,1.9817083335437715,33.72745354902797,-47.704955614588016
72.95941379178689,9.325684916913048,2,none,32,231.83225961956649,71.98749987356551,9.615266852050684,1.7988321065634358,19.80417726045501,114.94045349774592
98.82454087476565,9.298252592514753,2,break,16,182.90530303782376,100.19965130689164,9.49661859104767,1.7839611823443713,41.86066675125143,-26.92109547292713
76.48505550946315,8.240136628240926,2,none,16,250.91626816896337,75.41264280404496,8.346525184523658,1.5425359185917749,23.515801825339235,79.94330276866276
92.10614856916224,8.958734779639498,2,none,8,236.41113898208317,91.41799882275228,9.163918817113576,2.018287066845248,19.05085329442667,91.01986047637166
33.63689300320745,5.725001031902416,2,none,1,222.85655624491383,34.07940781513145,6.082421533384963,2.7343467001987993,31.761431215086333,50.38634859514977
42.320922417296515,5.554840181999321,2,none,2,233.18157806373935,41.956141936756296,6.108518177517015,1.9157897607785235,42.29598299422295,30.196683826270714
42.86079684590234,11.438055682278556,3,particle,2,189.1057355594481,42.976434176418586,11.932084371835138,2.1264960357472735,40.50408214465878,-90.72210460845986
49.9049484065821,6.337244264055632,2,bridge,32,205.35492260056287,49.410358467616255,6.96296669399595,2.5381076477395608,26.28241807525384,-78.44349222431198
31.33631028176552,12.295891507818837,2,none,16,258.35367280149285,31.24780673920849,13.398697869287108,1.4582415307769363,25.30595028312136,95.05589744427584
64.6475339272371,5.727504122460079,2,bridge,16,261.1459659104788,64.74401978362147,6.006398565767416,1.3782055887631406,22.026929865460435,-61.39753099812458
94.63404445803756,6.518505398642123,3,break,32,183.9403723812757,94.5648610338766,6.894120180560816,1.3723089517643725,18.74497448409116,10.793778998770309
84.96900074102525,6.7352196200635435,1,none,8,252.40843329277843,84.69679201031275,7.644132807902567,2.990416365263786,33.22853256634803,41.65063655706234
91.33335705782838,10.943553133770052,3,break,8,183.2755114752993,90.26916352043632,11.623681305346876,2.1486127762626133,27.924286104827985,97.77524970488332
66.68091866442441,5.6749976179927,2,particle,16,213.2880968860773,68.03672785260353,5.85286826749634,2.6152802317026334,27.684027851966285,46.30008583806611
36.754057366054795,5.57267488694438,3,bridge,16,184.59356579647533,37.283235764067,5.964752966403463,1.886373547255583,41.2147225737756,-32.27076228755109
92.38072342990239,5.698986710381421,2,break,8,266.10235148154266,92.28839242265704,5.95702553756862,2.6617927485470974,26.470857918603222,1.780760014605363
89.04989060399252,11.89535202154827,2,bridge,16,239.34618057949788,89.99061090451764,12.152250337556216,1.9346797079291858,29.29327538240902,78.30604320263683
60.17055363760245,5.010132686460563,3,none,2,220.9120770373817,60.12914452725932,5.152550276913903,1.855458017401499,46.89284070492717,-28.308580226717623
131.88214475334166,9.593744505856284,2,break,32,246.5564365200549,132.30472316387068,10.263664932934027,1.735660428359099,20.58129679475303,34.76850145945423
73.25073680221111,4.299393344657188,2,particle,2,236.20667835747216,74.52844371242605,4.373281271887965,2.8249887875009128,24.88299547532148,13.452836267586406
126.17533762574995,15.2277803098497,2,bridge,32,202.27755570511889,125.14324713294285,15.45123311494444,1.2228312983346665,23.296128564285556,-101.12816352187662
75.66914952421173,7.819640547833754,2,bridge,2,240.149043524611,76.2661437577937,8.051372285062603,2.4228599481737176,39.177960436415006,-69.60509658473018
80.57558201729512,8.06969477011016,2,none,4,196.80749238475147,80.68592875165741,8.656947577822402,2.7074577080916233,27.9978959648369,-80.5591879364828
62.649556393010265,4.676218123653881,2,break,1,260.73958722366007,64.0052277641823,4.833491696248364,2.5176096967875052,42.617756295211166,5.755688983874848
96.81127958371569,11.793990066539257,2,none,4,270.3734900343154,96.2881232005514,12.140233756575368,1.9549329018789212,27.73637913521901,-100.15909184636244
41.48673266829144,10.012650757233361,2,bridge,16,278.7968855194908,41.70254066473236,10.195229028728264,2.1711002053526105,41.31727764639143,-77.52002009679241
19.674188085092318,7.025210844071111,3,break,1,189.0580625641788,20.12265934289972,7.43329260511194,2.1868542617576328,53.56846130375604,4.247793001378682
45.49090903170137,5.37352564412795,2,none,4,232.8156317783965,45.49026612988842,5.4601511145535735,2.759901315554286,26.12769136998778,-46.62276642386584
80.19990090749764,9.143831938059026,1,none,1,265.29299586910736,82.75710916772265,9.392620740899057,2.1935149698589993,20.881612655419502,-108.34327945050345
76.4691604987715,7.264927295702174,2,none,4,233.2949287561128,77.1722067953403,7.69281447212744,2.815803357714508,20.697396374932453,-97.12457794289668
49.16122597998287,4.320769680140008,2,bridge,4,273.6439689364701,50.307082720992334,4.445184417802706,1.5185496995540557,33.02050300685606,-38.09371357444965
80.21401278782653,5.301616926975918,2,none,32,239.819850196192,80.43383112238844,5.6036494543794095,2.507756143085489,23.30925270833935,-60.55286953123827
70.50692771213508,6.242241583256237,3,none,8,199.87638033318376,70.32305541360829,6.449077343042829,1.5592159310293323,21.12869147285893,-74.00089689335522
91.17212225796601,7.114327980003364,2,none,2,203.84179616582836,91.50850882815084,7.233477993176352,2.5864971357309305,21.689653386202043,27.90308366128085
71.72803217421097,13.994096786460663,2,bridge,32,266.86671175948527,71.15470965880625,14.71445487077468,1.7497582354755568,18.760985344017964,111.55967531368964
94.54455081413919,12.474217185907332,2,particle,8,268.0481149233925,94.48238407054514,12.75381381028616,2.550368953292919,27.03642375313744,96.1877006814242
85.6587529287965,5.432830942830326,1,none,2,275.1905323152984,86.02058636749483,6.654848263033455,1.8893045709128893,27.12395510143836,-3.717920117907255
79.18414647428995,5.35425069844187,2,none,2,197.7909353271304,78.49917663911455,5.527353145409187,2.7488807508674182,25.784685755215783,14.76149387051899
111.11964531247872,9.372183159180047,2,particle,32,274.9958535591829,110.49896862173308,10.091467626165484,1.593341958052696,23.153417825929772,-69.14425397429386
88.6321109991424,6.368555166304745,2,none,32,242.52668766231477,90.01297415345924,6.559045705841516,2.8028930670452854,29.236664556695388,-16.11218301413237
29.056214834786022,7.678103887520825,2,break,16,267.167463792438,30.24113671515996,7.734839810957613,2.5943560597341144,36.07983054862163,-46.90915122446586
27.35879196675792,15.801816608584506,2,particle,16,256.76022189007097,27.304889018413043,15.920165751068064,2.20497567520761,48.56125653954843,-91.89430124538748
54.75910337043803,5.341821771640428,2,none,16,271.51704254026873,55.00104013114877,5.612583820831219,1.3608916498139672,38.88819371941496,0.6603016680447809
27.01497782411106,9.714396079921016,3,bridge,32,224.158913001294,26.76539978026253,10.18517483707735,2.8717022028178967,31.914555607462624,74.68505483225476
18.676101903222815,7.334718790983653,2,break,32,214.70886358051183,18.740070074174625,7.535007001424288,2.0068698093017856,50.91999342238478,-10.853610610183836
103.23588887592,10.41541974165977,2,break,32,259.96296487221207,101.89641437622493,10.996068170611794,2.9711276381089196,31.083567015759755,63.68571609257819
118.57135675148886,11.600186757265346,2,particle,16,202.2276931658521,119.27732280693512,12.221383017864367,1.643803007951223,20.357380956762583,70.80149197020182
91.73894957059161,7.685306743460835,2,particle,1,221.69256787268787,91.07616992421222,7.723319410958254,1.252560607916135,19.28011996946314,-81.88150986843901
85.7579157089843,9.875931433881531,2,none,8,187.117521257307,86.15277867803697,10.10591550628896,2.7148468669075254,27.384372622943808,89.65134358754614
108.31403748528726,8.676733915703615,1,break,32,272.21112830357697,109.56535047685982,8.719744264233583,1.9324288025072336,34.624883362967594,-38.80903990394259
51.229472016497766,5.065912977130509,3,break,1,203.78970424327,51.831921648637966,5.491707962108525,2.732492079284929,39.59219910032492,-46.52365453061287
46.05270491802935,4.403712547115298,2,bridge,8,270.5396099140752,45.68756478851847,4.585425066999098,2.5977325045611694,28.482526141880005,-4.020748239193807
40.2979205163964,12.22511481424812,2,bridge,8,258.60088966092025,39.77842688606601,12.78094433776238,1.862269922933824,52.31755183342743,-94.94531095074927
96.83400222525385,7.554182757086563,2,none,16,261.08002809074964,97.11705081952152,8.139066775682327,2.2416872441401887,30.285966620971926,-15.13156930087868
56.29605915185095,6.252197382337175,3,particle,1,194.69010502796544,55.76846419532865,6.297455113503462,2.0384511291595153,54.75060103933794,-9.836720998739509
57.7946366875064,6.3305324179704066,2,bridge,16,239.3011718171381,59.06180726330143,6.422115545137201,1.9405337895439092,49.97880338238193,-43.76410537123749
102.75573331563139,10.654946087642179,2,particle,2,187.3318709110567,102.87785590223912,11.35647714546346,1.6676938447916052,20.51586349995888,-83.5154199015733
76.68557488295284,13.569306268810594,2,bridge,2,180.73368814117111,76.54382247963821,14.248892796512648,1.6143285222728063,40.58776517627884,-124.8132327467604
40.2112492977908,7.283672831692157,2,none,4,195.94106746160315,40.71345829943272,7.315083408441551,2.1716435389046627,34.49239261931564,-79.84370986498702
125.57965059167611,14.09857174169578,1,break,32,276.7357067852826,123.9776786311228,15.163521258146512,1.7885359895621282,21.452694772284914,-113.20686703833204
67.287517891525,5.850251161398209,2,break,4,272.30558969180623,66.44923974284093,6.178433876313997,1.490904117663559,47.023417612433136,16.032052266178567
89.87340712981484,10.297190263141584,2,bridge,8,254.45895992362875,89.06270741324356,10.66911596622354,1.240862478961215,29.97345993101211,-103.05147953121426
46.05785529724365,5.516557442199074,3,break,4,218.1931221518811,46.51158930830962,5.588874966451098,1.2725206611054067,43.58011260790798,-34.396665747164064
40.44730031421034,6.671016690464063,2,bridge,16,267.17770370982373,40.97708801012755,6.759505039870751,1.642100338776121,27.21308035983389,39.61257768204001
26.86599976061632,13.670896201139254,2,none,1,237.08921967181095,27.856299175969397,14.880737173092074,2.93058303646307,42.09204618663711,-96.68114515732896
20.345747930437813,9.640652026743782,3,break,16,206.1123430324994,20.197870056625398,9.999319347546448,2.287846040350718,30.587355355543025,41.87128604276052
102.50965146287975,6.849572246554713,3,none,4,190.5585435056209,101.90796509232024,7.9249062897525215,2.2718500513057283,21.937410487312924,-3.2618548010968027
28.406212636378598,10.929562540327236,2,none,2,192.26164883588493,28.310842653935424,11.61808120972448,1.5120542979560312,37.19246049057429,70.08668417066036
62.57479972646013,14.076180266462256,3,break,8,187.78855144347293,61.59837974175496,14.394311849967728,1.905901524345131,32.700584917960214,114.84922463716951
55.756431065163646,12.657125884898557,2,none,8,226.52645976998545,55.272993518414026,13.103341618855987,1.8908317111282873,41.57305182499461,99.26819710468612
52.63658514270796,6.496955891451874,2,bridge,1,204.64127740230265,52.08888785228318,6.708102904561863,1.416467659319189,28.158162645646502,-74.09240257640037
67.55006299204604,9.136547727405002,2,none,1,276.9352087196594,67.52076808028974,9.26677405961462,2.388118856112058,42.92388393886812,-83.84502164050403
76.21374523006128,6.132512643102679,2,break,1,203.5600145593956,76.49361786534321,7.027678276070972,2.310849752734274,49.55830441910022,21.197303484530124
105.60314327271256,11.470210034565127,2,bridge,1,204.3405529718881,105.07575389007977,11.813597370742194,2.7631064459137002,25.59284119205308,-85.7330669714484
63.1587630121543,12.159375927311562,2,none,16,249.24330301388292,62.68749558693229,12.545338278565549,1.54415735578872,30.96326867552886,-117.40425157932788
107.90592137788389,8.687549208638307,2,particle,1,245.15897599542097,107.10135568336972,8.938742712142057,2.2629026633564537,32.8087787826006,31.99397650888895
47.98947540205385,4.788035339207402,3,none,8,213.41774795073732,47.8386839456944,5.146700821487197,1.86835530367326,42.17813663861585,-24.978932303540148
34.264308325438066,3.973507389731455,2,particle,32,237.9006676176615,33.2335586924894,4.081596577789808,2.062006872085636,39.72330367654613,-25.96577214254293
106.30771262482904,10.293571993258752,2,none,32,261.7897637527347,106.10827612552944,10.523688109858115,2.3825342586543936,25.28872178529384,-79.58706941159203
40.70078683384119,8.861880499978458,2,none,16,226.8613761705392,40.419074667374026,9.257704952034423,1.8515274884561466,25.21130634210396,-83.74123940891941
95.28076496020778,10.640174163351661,2,particle,4,214.2792844728016,93.92637583926866,11.035626592749452,1.6752530121568119,18.2972659716826,105.23083045512608
95.35719912296008,5.829932834370468,1,none,2,263.7600369788711,94.85560967227198,6.329317687299663,1.9159020781291012,28.29775463447288,24.687996556652536
99.93660150728527,8.837536895333622,3,break,4,202.61518421355356,99.45030231179123,9.581657155328092,2.0667797766699247,24.854735222348555,-37.278920599842735
20.34845545558483,12.401963152396132,1,none,8,275.73390240437163,19.25983303540921,12.621690596528753,2.605509831774617,23.05463988410014,-104.6842738647202
66.30082607497212,4.771743433338975,3,bridge,16,217.43608906397708,67.3305937778757,4.8987553421139145,2.4898110786218832,22.881365064448303,-42.24507149033053
42.045718040230156,4.882509078567583,2,none,4,244.45897196350623,42.92416005107575,5.209957611578685,2.91745855052521,35.882642813566605,-22.980856504541062
113.26738915165669,6.437959981629806,2,bridge,32,237.5302824872619,113.6830511231983,6.537530734263942,2.1575265373504324,18.043671261030408,15.2259555248784
96.06887052135085,10.119040057048473,2,bridge,2,223.89604692983997,96.20748113288737,10.59696850733078,2.2012779991779636,21.086751796257868,86.8530835422415
93.72912234798982,10.721565891582108,3,particle,32,188.09793103337717,93.88985407316552,11.790503566272076,1.6065241374722872,36.39008538172921,-81.55066016391132
75.25290356881344,8.271419895171464,2,none,2,216.743537935741,75.53171557819978,8.621009017778501,2.3089866217387027,29.156153366942164,-64.26813966449566
61.309562717057325,4.705416341078877,2,bridge,8,249.5277843571932,60.17496918884053,4.782493328422723,2.9045844054569283,37.83012708453532,-9.294330107976265
30.533868265030474,6.708368650193837,2,none,32,269.548516007836,30.505020841418016,6.928230370242229,1.6294768341201897,50.59450062640224,24.88776150078624
98.19275098798289,11.0357370382321,2,none,32,184.3533202204061,98.57729487361996,11.249289873538368,1.5474409631467625,26.579041090739015,81.98092297251367
31.305619564328932,8.991859317926611,1,none,16,264.8384823997894,31.063701496674263,9.075182778010047,1.3606114223715076,36.4189959133668,43.96760323408958
54.45806927421458,12.2278452273862,3,break,32,191.84074790953812,53.97753875676332,12.577615842576815,1.3592524881372694,23.0220998263383,100.85720376136572
37.43133791556889,5.00491726697953,2,none,2,251.93646379466588,38.11544807340673,5.1058329821529504,1.9507486754235739,47.42237134766255,-22.56358545239073
53.770579767308305,5.9683075679117055,2,particle,1,200.1131692022044,54.516076289042985,6.505232820346795,1.6075957348882313,33.06467064915206,42.37490399803329
21.58113241091832,9.3737588020209,3,none,4,208.88404016835003,22.50869314415632,9.725153923207904,2.2965974030072625,42.79960116740499,61.92650811833542
44.26047786345117,15.245886356588993,2,break,32,223.26569693005112,45.31207933148991,15.556474189277374,1.945686399921846,42.947008278231394,102.74593278881711
89.65532411366617,4.793769084806125,2,none,2,211.0801483331977,89.72780273728753,5.54188022138759,1.8873923141719395,20.519903974453737,34.552349027182345
63.22668808509942,13.839882332216028,3,particle,4,196.51531815370268,63.59188450488186,14.031704153676564,2.5766497399629693,34.754377814204645,-136.60760182022204
58.077499385166824,5.734210581626446,3,bridge,4,202.6896054781033,57.70539165096775,5.924221989647695,1.2263503733215697,46.86526869945165,-37.32484361710945
104.52191561034971,8.85463472369198,2,bridge,4,193.68861229055517,103.86687473226668,8.937605100977537,2.7998729873809687,33.66525285695073,-4.551186100030662
31.98698799537822,5.439417912581741,3,bridge,4,195.2423535918263,32.99025577831134,5.792734031627079,1.3127771463437239,41.97563274416344,-30.44612723325636
62.71276370506744,12.066606749345695,2,particle,32,242.9731861114612,62.63558393525522,12.508886882383957,2.419755487211983,24.345720245792517,117.18181762144906
65.04181336586885,6.205388549044075,2,none,8,242.93904730100857,65.01760029890447,6.663874855438365,2.2841122184701907,35.22463157371997,59.634040380942906
57.03496202726793,4.230633450477311,3,none,1,222.06685623508605,56.795222357862805,4.33348620556671,2.8314643728744313,42.93993144552734,-8.546570796014805
65.2446443286907,6.598005937721824,3,break,1,196.4643714474143,65.54058877186415,6.759814387828415,2.574597424042781,45.38595724370474,-45.60353110430074
116.67243194253524,7.4747520186913246,1,break,32,276.2497435216368,116.14949200260482,7.509584426531431,2.3065117185183657,19.015281058373777,-20.90290356557045
55.258765498257276,4.0165482970160955,2,none,2,276.21162635655025,55.12897272078833,4.166793979220048,1.588524662081527,28.16861899154695,-25.949901135824177
93.35078601189939,5.3444746175178945,2,break,1,263.2198929013585,93.29091057901364,5.653392569253532,1.4296818749845448,24.720456829346706,4.813607327697895
26.32858396403853,8.442107413625983,2,none,32,208.6150883520856,28.01171983067129,8.706024446197842,2.1664312708694093,40.45691433025844,59.11599332190832
46.7564815610512,4.331859749161279,2,particle,32,206.9878845850486,46.68104707907592,4.475658167569543,1.5702518608526406,45.50173766809274,-6.162683778598478
19.199872918729984,6.682060003918484,3,particle,1,202.6455134170643,20.08922611632709,7.310356348610918,1.5631623151783898,31.610491198943905,-1.6407223194794938
88.1818664246559,11.229702862407319,2,particle,1,205.51203260290592,88.41030813360348,11.599984942497844,2.5449524598233864,29.940809722652286,-105.25891217914253
72.24490352964702,5.286332513186837,2,bridge,4,252.2117449261085,71.68789586034755,5.592992554649606,1.7573934134834834,44.63093876651823,-20.64461026662883
26.895997202845358,8.917543489935259,3,break,1,203.44690840258448,26.28066910386679,9.490468176465132,1.2553919678167886,47.38783638361467,64.93878532302142
72.88997418705212,7.7334764635021465,2,bridge,32,232.88027717691568,72.40351778869733,8.119303122958797,1.8374834826590734,38.29932740807362,64.33495651721097
50.40878546938016,5.710306488774039,3,particle,2,245.07929098203363,51.14409589251064,6.189767535787757,2.8796335524533743,52.003481281497656,45.73842670865224
30.423344248341046,5.409043271960295,3,none,4,196.47676442765996,30.46787974258402,5.655483115473055,2.64479403135393,38.71189808657015,-18.09670717310709
46.77795710693934,5.721918594019046,2,particle,16,260.75005832166994,46.45241254405895,5.845463232119679,2.1403843070529827,33.5735481863579,-49.17852945753634
42.15209361342366,13.355027902796294,3,none,4,184.9074208502222,41.981830870979785,14.048130196998102,2.7727988695951598,45.43721113241716,120.96061924316643
71.04185628795753,10.58752958998159,1,particle,32,275.97739481590577,70.27864882088761,10.99068184143144,2.4040878301871467,33.18336889935318,95.612232353539
79.53361500380741,6.302581765406813,2,break,4,250.09457280779003,78.80335865882832,6.826204898966105,2.469823520533594,39.3565367925986,-18.19893633456917
56.23567959158385,11.14361971208888,3,none,2,215.49974858874435,56.47879371171865,11.70508302083857,1.3477988125087899,21.481849161713203,101.88342827265268
78.04915231495731,11.42765691064836,3,particle,8,187.87556896986752,78.46353106651581,12.026303225278149,2.6134014932257488,28.334016865761832,117.1226717438276
37.55646967609144,6.080764513066001,2,none,32,263.49987467641887,38.14569132582362,6.267603512060876,2.0279878551336,49.76779816019406,7.869328203903962
61.20122470665882,7.535046884918717,2,none,8,242.5587939274954,61.92886424464658,7.880553871427509,1.8430922768355273,31.75203731148013,-72.94691728682419
103.21373430096986,11.474031616817394,2,particle,2,208.20226465559347,101.87232281923151,11.762522250426978,1.4944499639369482,28.553275638020427,-86.19208262458056
55.87171352574367,5.510196557286468,2,none,2,251.40543074398784,56.669955859238776,5.610105843514806,2.3387641024995696,30.368277410548487,-3.1071887314051594
21.40923742664925,10.953755419999787,3,bridge,16,197.3697755782028,23.048315240944508,11.575275502290012,1.373727880510625,44.73882672481084,68.0719874303629
52.57184910007504,5.227136794052086,2,bridge,2,268.4353548196431,52.664870544436766,5.516335322889833,2.1309675127396783,29.70700075582188,18.185081868690247
40.52033878127165,8.362927746218123,3,break,2,180.6680132063353,41.16313105781441,8.478651024908277,1.7875388781999475,49.995029731988026,79.87742532707006
66.04694242646578,8.559966271061903,1,none,8,265.6040951671671,64.19491427238228,8.906610173471037,2.879862499645013,36.021635879497126,69.19532425895795
119.53683372656963,11.852099562158115,1,break,4,241.9614778430928,119.68575661100957,13.035942946915446,1.8306195553816926,20.25200707403031,68.12523499912129
35.00626516524852,4.410670039714988,2,break,1,231.9632614423176,34.21069087753713,4.877528921206985,2.563139124676428,50.81205357967127,-12.91567185656524
48.98892071204074,6.230296479981659,2,particle,4,192.0600929111944,49.38532626142087,6.338415486782765,1.6509661174446624,50.35429433370355,-27.48912064817989
54.191130369535784,5.111216672551569,2,bridge,32,265.9249935856857,54.50910195612229,5.213249593408454,1.7394667203813357,34.242451873450804,2.1230015652924124
91.43552520207363,11.244078731543906,2,break,2,207.62559644743996,90.93074430867226,13.077234349564751,2.7250582396686687,27.414386842693,-126.0673973515364
136.34155663260705,13.37035463788392,2,bridge,2,217.03774849631847,136.05107371373524,14.196253159808274,2.956043457140015,30.01440015063008,-29.959389486364017
64.00979836040949,5.683305373957641,2,none,16,245.80953632560585,64.81656704820136,5.831319643116204,1.8089502331954646,46.93093529725199,20.85923147375877
34.9416198499421,8.093317252249474,3,none,1,204.1829564520236,35.03160291743868,8.325214414011352,1.8925243364312885,39.976786199247925,80.29370410790295
38.97683789164216,6.878728487966395,2,none,8,241.39701916410783,39.14608596554813,7.23636774236066,1.3178803296955717,44.27413519432995,43.45627766839323
112.11998554178831,9.704901134799382,2,break,2,206.76897277589163,111.10161244107807,10.303932370658732,2.634557587668612,28.14242423085737,40.88515211045956
84.41541648608381,9.865736611185312,2,bridge,2,261.63434917126267,85.63786334032463,9.942184715753026,2.1098426844187133,19.36955913899489,82.73783638048252
93.3901583132536,9.161971034151177,2,break,1,184.86701605564687,91.93586419900984,9.317331501700002,2.5294086866826992,25.491178612096306,22.73544725391108
41.46916254890974,10.989979693798073,2,none,1,276.0311469339477,41.232902483073225,12.014722452990132,2.4438271425305254,24.49339868768466,-86.67386753014019
68.66491690076634,5.355723052193854,2,none,2,207.4066115235224,69.22309038086384,5.691712444270378,1.542937314758899,34.608022136360816,-1.0934556825680204
72.78598282620172,5.255680327377808,2,none,8,206.68874321079755,72.35454820775048,5.320334083981499,2.9581387438140943,33.11096737067534,11.022149565449013
80.53041446198822,6.153814362091561,2,none,4,243.67695229479503,79.31175931603585,6.643172540478414,2.6732891640277665,24.55171265176551,24.01218904265897
76.40874934481954,14.657187534468143,3,particle,8,203.35768710468656,77.64105453711981,15.151870578192511,1.5651553807056424,28.290486524336107,-131.91332300454644
117.36544365748296,7.775563328094492,2,none,2,211.88995483442295,116.32208386700428,8.029866771567898,1.6503720506628952,18.950685523077027,5.292727757367544
34.159354797042255,10.47744269250517,2,none,2,235.5446477673358,34.9067394898331,10.56487087145279,2.5776451323346024,34.31027382745836,-78.63112447910285
46.606436190120036,4.801420465202999,2,bridge,4,230.9310445748388,45.62302373870551,4.892593486210898,1.3321320563913501,35.802304041353665,-15.885687406201953
26.24878737696241,6.06603156516721,2,none,4,208.5345088108496,26.34541017925246,6.091394460002966,2.729862872601854,44.80219427542696,15.317038207689649
89.48191708367739,14.05064583170941,2,particle,4,255.7460321983138,90.23091908098664,15.0585625458146,2.820447766217483,35.35234154903887,-116.43632244480992
78.4134148450251,8.386259894205187,2,none,1,180.77167520228284,79.74144139418263,8.636365785389378,1.4291839221402667,50.85663249121765,-67.46290969409318
122.47762069088975,14.890008610686987,2,none,1,181.8719267528931,121.87249903655048,15.411970156538018,1.9233817056654683,26.55661879150643,24.529699452912723
33.1764592704634,6.753997127566803,1,bridge,16,274.40483547713154,32.086694108597825,6.952322972539696,2.729772666483065,38.03841234553828,44.84236909308447
25.46576644376994,7.201682938610604,2,none,16,270.2860959317798,26.06262332246236,7.529076085923055,1.3710911271805417,48.34650243722204,-23.40444496153006
40.38249047546237,5.060799795510914,3,none,2,222.0903121207781,40.74002647390997,5.282491884937809,1.8669250271438522,33.69224888222603,-57.99060966441208
22.660652178038845,7.2344162140175445,1,none,4,271.6663946044344,22.11609835305233,7.347084910163629,1.7654068205179985,32.0173636233332,48.553521598095216
42.2986387932511,9.422381218416405,3,bridge,32,205.30427871693453,43.4972463548368,9.717552493140012,1.4792893370939844,39.90745388958965,-98.97506210411868
88.83830891308976,10.12054213772094,2,none,8,190.95302075703785,88.76022300584034,10.545037322963564,1.4527287772407154,25.48759370212536,-78.39234621280082
62.97036119875111,5.077663611479784,2,bridge,2,247.09270473811847,63.364304696285785,5.919929148480708,2.2358498224291945,33.22489646660841,32.846429565408926
119.94172627864963,13.426785438661376,2,bridge,2,220.8781901927076,119.32835317737846,13.669209647394782,2.1626488405507933,22.247506055375776,-94.07566991744832
83.0933037757419,7.111980489368631,2,none,8,278.2430045536741,83.00990758741014,7.334431794240827,2.308531927017553,33.58037079450485,-30.524857366146733
48.65948790711975,4.7288445774279,2,none,16,223.5704055992661,48.96182924119284,4.814876958904932,1.8738599808077028,35.69413096153842,-11.83198667321173
83.20328730310015,5.1200941462958065,2,none,32,273.3999350136462,82.54101503859846,5.469838067084725,2.02448483674067,24.88728628952299,10.356375100829894
21.968621182416314,7.2888146584650055,2,break,2,219.92282214047555,21.75013512263301,7.517596997694747,2.639883413261785,49.46320454741608,-31.96332108907308
45.300562826376876,5.280736240135941,2,bridge,32,212.27048389276368,44.93182237631868,5.869652733508825,1.3857447852256337,42.39636151545397,-31.861509988473728
88.01587418582017,6.419451740666483,2,break,1,251.0857326457027,87.49445901637222,6.8641909065470825,1.2332494697360674,39.94104280678863,-25.492432078144677
58.37596025770691,5.231700220678841,2,bridge,8,224.24822679628164,57.55247828151027,5.5639667793877,2.1848636795473997,36.18365072553128,21.31011091920169
75.8542688431547,5.83757596527703,3,break,2,196.3285958645224,75.43778273772801,6.248070312591164,1.9364991919180432,42.08767556176981,-45.793556126085576
31.696343664948415,12.179281322882254,2,break,16,212.36131270171603,31.888398735616164,12.9705853190428,2.1295800404349463,37.8197083809321,-109.25114765918832
115.4783087113301,13.208283935830707,2,break,4,228.63919876692125,115.54839942208412,14.316353198705942,1.8272171968875712,25.063292314711127,120.47383434369584
80.04584042126028,4.453244777189125,2,bridge,16,279.18134581710945,79.96538584867862,4.906125216769478,1.4963376766385865,32.54260705481684,-5.218974428809872
115.70682857321556,11.537918497936428,2,particle,1,240.36122974511528,114.84186773823096,12.283682064551522,2.8076306645101026,30.000679295426664,-92.441882568935
118.95159195073741,11.897976054456617,2,break,1,217.37032505583028,119.29847694342727,12.340819028189877,2.728610835365901,18.71638184280434,70.92208849585069
19.221051579733086,13.400079074319123,2,particle,2,238.98405526112924,19.86784524732394,13.803577434645549,2.609388528736998,43.6857973480645,88.29813340796363
80.59191262135982,7.266924409525545,2,none,8,246.21612916724445,81.173890008799,7.305564907221337,2.5382041957632833,30.918220187578765,42.30087197102941
78.36920877814252,6.993370299955836,2,none,16,247.1354371894304,78.62619815036965,7.481913702168831,2.4282758711037196,28.22578187679774,-67.30589122330368
75.58347313374564,5.790467440624656,2,bridge,4,266.9220741378998,75.3804824527368,5.975690083043718,1.4962885258046004,33.053945615442224,14.836132065085025
46.66088517005514,4.635006906829126,2,particle,32,253.6870912308281,45.75902478050756,5.041023206370996,1.3600480689887373,40.24994539842062,-45.87220296403774
48.83398743876586,5.118858514488587,2,none,32,220.0192748088081,47.7907054660315,5.463818228065409,2.7215718694940634,35.018581595979626,48.39555271407576
88.58106165317213,5.727422644074786,2,break,2,274.2349026986792,87.60443676008313,6.476217092624535,2.0584649284156247,23.3523688887227,9.177117654808312
84.39697927949716,5.991587600640172,2,particle,8,187.6303596474604,84.99717844678815,6.213479917303928,1.785060931871433,23.871810771196035,34.0485756413201
20.766636213275774,8.182137816415182,2,break,2,274.81797257791203,20.81296044654352,8.517562886964946,2.0823622901671643,43.04466096209364,-17.14386955362275
50.17657086649675,7.3119861863597215,3,particle,8,182.9485502788889,50.33722842347583,8.246685826162052,2.9155190587354287,28.536736220374788,112.00648453720989
32.54257818089385,8.02115581496849,2,break,16,246.18183515265704,30.995548446315304,8.357668302890865,1.9173369566413738,31.41942534816243,71.05376638713398
29.035646550166465,11.901673389295215,2,break,32,242.2867279363252,29.498501125813032,12.655616306186475,2.5502257463759026,28.615173082338437,78.41756727346188
67.90711213455468,6.6217082224931865,2,bridge,2,239.15486153138775,67.77863827825367,6.693465179599729,2.452452737871009,42.75749921278958,-40.63156672082744
36.35576266227745,8.7634019527623,3,particle,32,208.80836904160225,37.05014055618383,9.192066663992629,1.5090712984135988,45.25192539658186,-75.71625207591553
30.581112251821338,11.023090044875223,2,break,8,243.41831485851733,31.01266569932891,12.113671823619605,1.9722392865201153,30.099825017764367,-68.37392287114999
112.7574331047,10.912584667562978,2,particle,32,226.41712872089175,112.12693151693294,11.012640333033588,2.8709660855143717,23.606596377930963,63.980538133113726
91.35682792266421,5.785482817109042,2,none,8,193.75475784445047,92.09396037744872,5.890929476743127,2.8890351108609833,20.1857806630838,31.44858613906652
69.86313068746213,8.942139938874927,2,none,8,231.4792935071872,69.14303027507327,9.181146801957444,2.224729131444782,23.417780626238383,-106.02589860606304
118.75555820986831,11.917600357775855,2,none,4,224.8240949167627,119.8849826398652,12.12601034611617,1.4848730198207276,34.57027344593908,74.42980160101547
67.92611981577475,4.44234433443133,3,bridge,4,190.9352908967633,67.39407432363652,4.757969920512528,2.617864072346965,32.719548814305966,8.143271254946825
61.114163420147406,7.573015574952084,1,break,1,264.4028999967349,60.52193377048837,7.983515120720295,1.3333103967755715,27.82297369173476,52.957288475527605
35.78350373728324,6.563769348037989,2,none,16,225.5354573316259,36.86835331039583,7.058217429617448,2.30658054529721,32.5348958551054,-84.58098116660867
80.78861261056048,6.988387786599441,2,break,32,225.28745186755935,80.56093516315671,7.264873908150622,2.4632979023041313,20.991871371621244,-69.10038032015805
19.644332441974957,8.899537260600457,3,bridge,1,199.41510925879965,18.815769101662475,9.157159754263592,1.6972097595400952,47.78524944759339,16.59362204361821
35.37202395708792,6.014228137129882,2,none,1,247.5414841049136,34.73246988665603,6.130185661532914,2.0927156103899742,38.00671264302543,15.662294017706555
53.6942800336028,6.830078492582766,2,bridge,1,237.8244324282946,54.27016800359474,7.201985589951603,2.5196786330061576,43.255724212858,-58.20558769860368
61.44596368575421,7.605055543231835,2,bridge,2,219.14669464101055,62.595532230213095,8.27999796495652,2.9016092305143744,30.701675235861916,79.68911523401454
88.45357663263775,6.0833149197183936,2,none,8,248.92555801572743,88.72977222644448,6.50624704643326,2.453444001392471,20.407580683153444,67.6962357454467
115.37768696989959,13.107324631672725,1,none,2,242.0508543144396,116.14925861948252,15.250641786004005,2.6120682738589354,30.909742878627892,99.14425380445766
75.26567887788875,5.47866700037177,2,none,8,226.8077203247592,74.76921987962632,5.807139351078866,1.8579213926922664,33.37477224134184,22.406922218358066
64.29825908196403,7.773941168737547,2,none,1,226.5429108925468,63.53493955754279,7.984984523098644,2.6905787319736856,19.09686701435357,-96.91208326224576
42.02966461395101,6.132105357786371,1,none,4,268.98955457524625,41.47041535998665,6.161966375952298,1.2221069416808785,45.57299202970982,3.5186840210421053
82.38726935233115,7.8735695091164475,2,none,32,232.4808617765086,82.69452536868147,8.095933620770623,1.5756860833041086,19.492320047022,80.10265049426226
80.75805306409487,5.850289723387596,2,bridge,1,191.6887351648452,81.45688930665686,6.276130761550072,2.4421944230076167,24.05341739041556,33.227737375151065
29.503154881197563,7.439444267652317,2,none,32,242.6717000881527,28.99800033624123,7.69144014253393,2.0333436548779744,51.398604529388805,-64.05364747037363
74.81503257782573,5.409584581868987,2,none,16,241.34525579547744,75.3959447797271,5.60359214943128,1.2380044143546474,22.46196158799812,13.767404538986
92.64655385111195,10.564993908086798,3,none,16,194.56770722541185,92.02419937390432,10.957302755347351,1.3094981064878473,21.955445616686475,-91.97460193474062
37.939662903231365,8.831753122039988,3,none,2,203.64212443547143,38.57664587042076,9.162013673616368,2.108180750676111,39.90909814021629,-90.95610679641558
83.67041448648445,7.204455716271815,2,bridge,1,238.2231984902059,83.08478627074057,7.661922598037456,1.483692657497121,29.318852632307102,-55.14975541790935
83.90996324920002,6.550053449108843,2,none,2,220.52136035393048,83.39535239330704,6.608403744045241,1.9358548106573694,23.50830287002853,41.68070307092452
47.78142216301629,6.065155556818457,2,particle,16,237.2744714059335,48.65337670141388,6.358079705793688,2.3679107794136693,34.46180626996072,-58.76172881137917
56.1868159809857,3.9947570105046646,2,none,32,253.45078339538807,55.73812114045241,4.576524840360505,1.3696401442926693,32.24823429516273,1.937623070609959
110.18138240443857,12.812530399346475,3,none,2,181.14529716905813,110.83674885001012,13.423684267305926,2.0416004240171874,30.44178165906691,-67.13717813969338
95.0571740399641,5.145657854821616,2,bridge,1,239.0562528651236,94.53548652521631,5.447961887542917,2.924124867082659,24.47758825565944,-22.00295657221608
38.99885712803626,6.378377613204417,3,none,16,182.16820365015744,38.41804487796475,6.586257660796546,2.078623061456256,37.83682135029196,-6.810715273323012
121.3951070602659,14.828295831279693,2,bridge,2,267.3049043485061,122.48611506130337,15.144857916161314,2.9441132313943177,24.21562078800776,100.40949519015912
49.87591636039084,13.474723935699885,2,particle,1,237.78455851539343,49.737110500702,13.76601764989062,1.936561809677812,53.31130334427748,-102.16952021273131
35.21523068061572,8.285911172722072,2,none,4,272.3622431111484,34.14638618725236,8.975692167854115,2.7750986688624666,53.68185772687362,65.76674114170396
37.364575786654314,7.389429642245657,3,bridge,4,199.1164808909541,39.1003926302362,7.491443708093124,1.8857308535924178,34.48269518228008,-74.71211147632098
34.78079159543717,9.749777796297549,2,particle,4,275.2519162626031,33.902340553656366,10.398536562148529,2.75084012855786,43.59224707217183,-68.4818879413815
68.85590906318404,5.539514799932693,2,break,2,193.62646599944475,68.29195923610908,5.974322531590314,2.2123758604733395,48.18401053440371,34.6832666165586
54.68796609052421,8.325654025030406,2,particle,1,279.24275901379644,54.52616361909306,8.74821807280935,2.436864200166411,19.799928257238268,91.33509662538182
31.65290387735122,5.161406732872064,3,particle,32,204.12856154692156,31.747950253220097,5.338283301744268,2.4878237540351344,50.75575186527918,15.175886962122377
101.17591206881518,10.910617468261734,2,none,16,231.2107021184874,102.07220480864932,11.535539748393052,1.3479507511168982,29.67613294463446,-101.93802739921166
53.42115595948755,5.136109146204275,2,bridge,8,197.1531760264172,53.89332483569392,5.4774186044707855,2.0896159239905927,50.90444970676115,3.970784037011669
63.285656530337235,5.1134004093312875,2,none,2,212.1347750999524,62.98884238130223,5.153647167226092,2.2610940655204947,43.925810651748094,-0.6660237326118761
121.90617383346489,12.714680528245506,2,break,16,182.62567154059516,121.66528503932877,13.261682739989835,2.0446564042504827,21.42497628745491,7.62823652137925
51.806251738324335,6.423892852293189,2,none,2,212.8543879525676,51.2881784636831,6.698469711764685,1.7370178331564328,21.57000432162281,-75.31611161884254
64.98852527784015,6.482035144192953,2,particle,4,235.61071126419824,65.30258743576823,7.120652725641414,2.7158308203920787,32.75630260171664,49.64740043131769
64.30792787620038,12.872045198687285,2,particle,1,189.391781678536,64.85042860198827,13.077627591935164,1.4500552272618275,25.88758821769117,115.70932950943715
48.41409362765748,14.377185331133344,2,none,4,224.8458767570628,48.08910525194578,15.072180919918152,1.9908416112878515,21.8040207805435,-147.36266794518724
71.35882077527857,11.279839424907353,2,none,2,216.59734330134103,71.73695619363015,11.611086606674276,2.044922612095739,31.61467538832086,93.56380248630722
33.091260566192766,5.152325226456357,2,break,2,209.7915025441531,33.15701048387228,5.286501436744802,1.5091899812484668,44.72164526515997,-23.520039988817015
75.18784935832417,5.9225129222121415,2,particle,16,270.5673742293188,73.76016465184782,6.3569678105920175,2.7189124574628116,23.266840428595565,-55.36596485364633
41.601840692997314,4.265963306640193,2,break,8,192.1381047357089,40.44856773614645,5.064534405732958,1.8383212874792854,53.89443763796076,-14.702940278804562
72.66984602440759,6.896096481538125,3,bridge,16,182.0000746835973,72.29408885580428,7.132071705016956,2.3670520720008024,23.743868993215493,68.87080211558205
105.49350921572886,7.650504527270929,1,none,1,243.5935694824693,101.88933586584702,7.718211157909485,2.6863144698494166,20.02931647707036,75.0508525783641
120.4934772751958,12.54749934977005,3,none,8,186.29746934627337,119.802287231567,13.713715678123764,1.5576606211408532,37.54713366624589,30.95156067678621
66.0189840555297,5.947971761663471,2,bridge,1,275.02107872745086,65.6382965549015,6.314537461851981,2.020825235662842,48.11845241075443,10.641017633138546
48.78802161894445,5.0059747481513766,3,break,4,187.2774737708756,49.03873131715659,5.280916465776839,2.8701925461053643,28.81093453550176,27.31866254917796
70.088597134864,5.593721009384815,2,break,16,240.04639800653945,69.84988702355514,5.653662475875122,1.4570660458084443,46.14899976260992,-33.09920076933142
75.34160193887207,8.042729767490478,2,bridge,32,252.8707327394031,75.83786689727593,8.447987946157784,1.8502311602155457,24.37787973751962,86.99026091785862
69.23042795029562,9.430899837258579,1,break,16,270.48669423754546,67.76228047325634,9.529052331585298,2.2677000647831376,26.347647632531,66.20394294284179
46.881244364205514,9.204803845030167,2,none,8,237.50869437187444,47.64393452652157,10.500036289504658,2.3579781206116532,35.49368832487043,-84.13236306056152
85.06260380245614,6.0169361264415215,2,break,16,222.0190757755769,84.36036264110142,6.182030997770102,2.5977804964661444,25.60243647485183,-57.92594194139804
111.20179645151029,11.378007634227142,2,particle,16,182.28843348717703,111.5052233336913,12.144208120969394,2.0039293661408375,30.94994033456616,42.09625013082956
67.78511513095026,6.7522743831938445,2,particle,4,261.60491761980086,68.37065506509617,7.035121996847977,2.614738208495914,35.9464515984226,20.56244680719098
53.83325926605393,5.8365701578732345,3,none,16,221.59681882690717,53.00756728558944,6.302655480979131,1.8734250690352,39.050144255545085,-59.45302263913143
102.9461584802303,9.226973264974626,3,none,2,189.18337644897835,102.88378641040644,9.60451566076448,1.9794274250223545,28.84208805196109,-20.21331415775649
55.48720199643407,12.471836321273615,2,none,32,185.56737713116084,55.47979144171629,13.395998812422755,2.303787999820547,35.324615600117085,-125.15105596211036
42.20205091235479,6.521971165796456,2,bridge,1,227.8662033370396,41.01864608967272,7.018517201711601,1.5720063191125548,38.14214068692499,-53.02250750313085
48.147932850297195,5.058452888318481,2,none,4,226.6952776019812,47.63014069473165,5.255885507940551,1.7834276490715133,29.57404556849181,14.52743406753072
101.27028650735114,6.9631049927626485,1,particle,32,267.4175314614201,100.8197509900414,7.550828138870883,2.1990480755724295,33.87967900252091,1.166220221597314
124.24903047764438,12.410712380485933,2,bridge,1,210.14734015160784,124.428213621794,13.723058815706128,1.5620399438701322,29.614737368143626,76.84536073634416
121.44621941671988,14.76662186564872,2,particle,32,183.5681844813288,121.54472389086028,14.953273648439293,1.6341117022217533,26.997248879477176,39.5653520336856
76.79369476761042,12.734869216370868,2,none,1,279.1647737282974,76.71258747760793,14.091070563324458,1.6128771765627279,26.84573537537661,122.6238549329766
77.71869334561956,7.058445823200017,2,particle,32,186.17419497330255,78.26425240583626,7.603837944112819,1.3396788500340095,21.87505672188781,-72.56000551479721
66.86027489217238,4.837371467612154,2,break,2,220.43778305839388,67.34897733785122,5.180383353437164,1.8207517489744052,25.98885662656409,14.219775576375383
109.74291861511607,8.390345074669831,2,none,8,225.34785436795207,111.28133344746249,8.808595371743218,2.0989236217723852,19.60676069100608,-21.87003218279483
74.31820993130123,12.019940771367695,1,none,8,253.0043948234811,73.32827003680384,12.462753094474486,1.8956737477548864,34.36125622798724,104.27597322416231
30.966000655652664,10.005182334617977,2,bridge,2,246.84880751146807,32.245993429055865,10.89377809962546,2.3637166303022474,39.58588858577663,34.26459815520394
101.71996417528864,8.246935811987088,2,none,4,269.1768144634749,103.12467034034266,8.641217694624272,2.679698622591644,27.927962060196293,-33.743225486759854
111.94253571572028,9.583564479060296,1,break,4,258.5479846555236,110.96621687339656,9.813065292709876,1.8885223683060757,21.71606757418685,-71.19170652227292
50.31431127471755,5.964409458864182,2,particle,1,242.31713132771844,50.75263880704664,6.527413830825673,1.4357388217742957,36.9109658216845,38.15575250069415
67.56325102444362,3.925198467088784,1,none,32,260.3081050848178,65.63663342473599,4.701569972575584,2.6673539045611525,24.332656247342264,6.160201912376181
65.88500783579434,8.423334439874482,2,bridge,8,234.1438366831754,65.89633276278008,9.23705566689748,1.6087652916314443,35.085242164184315,66.3909533366666
60.74930903980726,6.9461133885860615,1,none,4,275.57671185065,59.93758486394111,7.790357108047538,1.8201344274520102,34.89761834655478,56.798443132077296
85.23479616994602,5.316011159276968,3,bridge,4,200.37613414281068,85.53547003469603,6.038935706854545,2.4282289493420173,20.918631535959285,-64.01231971442401
40.429208056658844,4.917669567136292,2,none,1,238.45137393898645,40.26185807647314,5.125457106087796,1.5186630011267643,30.12795837819054,-11.12258378226673
120.0172209654642,12.614622481387872,2,break,16,211.55308614108284,121.417313866168,13.396618878913722,1.8690988366032872,18.21739961320228,-111.09233176915131
52.97027230326259,4.510073216943354,3,none,4,210.93333867740512,52.46767832949613,4.6608209782008485,2.913309554955129,34.199139609604345,-8.23305845719625
66.83048427704486,7.62259975028952,2,bridge,32,223.8755242916097,66.60297356966599,8.800797952996376,1.6302534124755563,38.80374695004022,76.07876047256144
95.77460809877748,9.54130814616249,2,bridge,8,270.23548179339787,94.49784925435078,10.485646449244989,1.7846462386704414,32.362700636179866,78.94306353196168
85.04139988165892,7.551947567716402,2,none,2,197.28949550756465,85.81390559683774,7.960893903914418,2.8266092830171243,49.17924558649744,22.72116941952885
79.27744795642451,6.272409745512297,3,none,1,180.8552404116071,78.84754325555491,6.6875191353816845,2.8711371751067727,44.50421797919776,1.8285530237070875
109.9402330769093,7.5755893725762995,1,bridge,4,266.2615339873974,108.55753260397708,8.791323851603874,2.0530659346945996,38.76542768948402,28.96837374091055
90.47567565635023,7.915997768211374,2,break,16,194.2966335033271,90.56226557556616,8.23246090956927,2.4553794886049025,24.77787149966605,75.12418756773124
121.098125048829,12.250776416098663,2,break,2,214.48825386814656,122.66156113484313,12.390822717220829,2.796885922415692,21.888287923517947,79.55245870474704
106.22476054025094,7.39685204097969,2,none,32,251.26306949499732,105.68540751893792,7.591198243195379,1.2305879594297593,22.643013111444663,-28.40677797371765
61.878850187782795,5.970213665083069,3,particle,16,185.46149171072585,61.7872260677024,6.208656390578831,1.249133440911479,32.27446315873888,-67.70424718676594
96.08941275259001,6.091693212994606,2,none,32,247.01595039042584,95.13171510578763,6.750016877025516,1.6240569510414635,22.25599097413428,-50.50320922931471
63.21502780962437,5.821606484796255,2,none,16,210.78283758129268,62.4496213005914,6.254178332538802,1.4703880530080304,24.29986277274385,51.94334531567711
74.36134376571593,7.369797357922374,2,bridge,4,255.08572198847816,74.7748871027161,7.683238880389926,2.9314721234744647,36.534260321729285,-44.42431628936555
106.01110788438321,10.919734830781508,2,none,32,220.563590963646,106.89293087650464,11.199834003085742,1.9069097097978467,18.379388632338426,-112.34956721475037
75.99808701084143,6.2793987023452695,2,none,8,220.9511739998414,77.25589511316166,6.9935567323959,2.6481775854559864,44.83568620695244,28.307959932119218
20.86897306419331,6.522484033644329,3,none,4,213.2397935055424,20.602684650870028,6.760663576860355,2.5596087737119033,36.30950877844043,-12.185281894484092
47.41965345289822,5.286716765756687,2,none,1,236.58781821536445,47.36046985384118,5.41949534672277,2.697473998730354,33.25700903977745,-14.433675359001567
99.12645440643342,7.582633162708859,2,bridge,2,215.03431849212544,99.52408734162624,7.865446894199023,1.2387119642482054,37.67038826471649,-18.448923754643857
60.10530307778615,6.085181139447489,2,none,1,188.41139733409068,58.58111343882912,6.458099913007783,1.6950018254313954,54.3845291172206,20.43069882170556
79.54007020989515,5.746495601842141,2,break,4,274.4370359091207,79.3710222355257,6.221967594333154,2.6403247776319354,42.6919799899503,-5.788237697260172
88.68366426773859,12.630948734650463,2,break,2,208.3196109844473,89.516175232543,13.572729825970727,1.4448549198720302,22.836321099259575,112.81520261178208
75.48137566113934,7.375720311853886,2,break,4,245.46470223235409,75.4723249385923,7.737072222708239,1.8510315337693135,23.61338343014405,84.90747218400935
63.938411814365026,6.243498560883144,2,particle,1,252.37785974941173,64.51465158190697,6.4915816086212175,2.865170898056072,42.11284347531531,-29.33214712222005
82.8549321810035,5.210816464697147,3,bridge,32,220.79029500086264,82.87858603421286,5.548988168779776,1.532018829358484,22.960515646866615,-61.64319135289291
24.274534656908486,13.65374524854797,2,none,1,209.57667991970555,24.965840665377936,15.38012674520566,2.602463034502768,42.337152210114525,102.59804374219624
20.495931280965692,11.103578357218815,1,break,32,267.244623706079,21.01574674541891,12.533122283971542,1.7352053568132138,34.31890778971422,28.525722483593967
35.02018753243266,5.310786923641579,2,break,2,194.2574923250225,33.980263647743584,5.6500911379550764,2.22688538732994,46.882044293149576,19.04284979965101
27.9245531918353,9.814956600980548,3,break,2,220.7532767584728,28.44216571108936,10.262863943885147,1.457051828683273,46.04424235656293,-94.86358686524233
46.665507145375216,10.985927303629316,2,particle,1,193.21429360335503,46.26526077952381,11.32751729251483,2.113603281093772,27.91091001368141,-107.42199822140742
94.41887743039752,8.715093324636006,1,none,8,257.8546651351675,95.46664360277592,8.755377783979293,2.203976233020007,27.665782183239376,60.10992957123764
83.08815297494459,7.682651464551185,1,break,16,279.37612763897937,84.3691042023807,8.190700255342987,1.62295500429388,32.60778065946026,45.86782733833476
34.86713256932244,5.781800324049824,3,bridge,1,202.1031425059832,35.202639247634394,6.015812845666674,2.8999236945651874,23.7860590030734,-42.787883208672696
55.20573865058333,4.709957773481195,2,break,1,198.82597734287785,54.66850365258747,4.742604463531739,2.4268177528777253,48.043600119729774,-0.8845796338646323
49.95063695112874,7.587132998616083,3,bridge,32,211.33321383588432,49.40638936988844,7.916817336183261,1.3871105803452037,40.77855795719739,68.14472611610307
96.372301238965,5.545070571723772,2,break,32,233.57313924071747,96.1912699301681,5.684007953610076,1.3938726809156867,19.76623993040088,-1.9847682848612749
84.53504085123326,7.922124952856265,2,none,16,220.05663143776843,85.80633865146257,8.392641554803244,1.5478291111815698,19.12396926106921,92.09147224577596
61.649115230935166,9.817055297718783,2,bridge,1,247.5913704409637,63.36210793536022,10.488520715317891,1.2896427041859935,32.09545290479375,86.54931507219305
74.90461003611699,9.538707180933855,2,bridge,32,204.31270223804108,75.95530904730383,10.018707667343156,1.8229105360311555,23.32248382512289,-109.6062419619752
24.135979571672465,10.421689673558495,2,bridge,1,255.5509961745636,24.44607371810117,10.839460228332248,1.572412043647338,26.83497801420281,-81.32850466341468
22.4487979141785,8.454533664387249,2,break,1,196.713797577143,21.655834840615665,8.827516059869955,2.563494295970325,52.47822280814383,70.00701091180298
74.51800133948304,7.804445515828805,2,break,2,240.9857366612725,75.00999956246375,8.145447699383274,1.2193695392879065,29.898162770387597,77.23549950849849
55.82387118496939,4.093641204162021,2,break,4,203.31235898723668,56.099555086787184,4.459114373892157,1.5178165655561306,32.16708816590929,11.982081473940156
50.20115837614139,6.595292009017301,2,none,16,251.5926887657986,51.00113173203741,6.669066849487507,2.3470757975534524,40.66101579536445,51.66186017268436
127.46114215316516,8.947951112588546,1,none,4,246.68937484783063,126.82605999119288,9.525272280072402,2.7171234293891393,19.40659010855869,-53.451958824615886
45.237550657166025,6.385028877094746,3,bridge,4,192.2802837025721,45.45665947011326,6.615200615615205,1.8116962488576456,54.27283844176467,41.7373358725055
65.69190488390929,6.815331782495374,3,break,8,187.38023595764423,65.61594112593275,7.098460595595347,2.6841965009111908,53.51370906098049,27.867166011760617
145.72223103085173,13.656500567081505,1,particle,32,277.08606034605066,145.3633409601589,15.104525143717591,1.8075773901590806,20.01861422124428,82.85696153616561
104.78859441281274,7.608798261983257,1,none,1,260.97049267028933,107.07385206241212,7.904111829081452,1.929222675947866,22.90564892782077,-44.17974265590831
127.76947613586857,10.029421928865641,1,bridge,4,277.1300847249303,127.3364012649097,10.480339537667689,2.1735311033939633,25.834737132707684,6.2069856219862345
54.973269399609606,5.19585134445035,3,particle,32,215.45559589441447,54.63969645414989,5.479438177500152,1.6515345564267465,42.09760864101963,-39.4245288039823
56.78347620225159,9.694971092657143,2,bridge,1,181.23592768146057,57.15830026699753,9.947783230967987,1.3069525092574865,44.20638078586354,-83.81575177293266
97.43046249214558,9.79901903552792,2,break,16,226.0495466221469,97.98062606786696,10.26571192767841,1.9553773724770291,33.10185663896316,66.03931242714785
88.09511070911208,7.1381820424005635,2,none,4,275.87772061711945,88.09641880626458,7.339281743043763,2.856440304649058,35.39778801730455,18.283428701449424
126.94976311323262,9.311448009937639,1,bridge,16,274.1768335299724,127.602008369684,9.532274561151054,1.3858194059132896,19.775436119746864,-22.36803817126048
29.18108521255499,5.397062550833564,3,particle,2,191.9986911234306,29.036631057179825,5.597230536893636,1.606892017389861,49.00513192687565,21.986638418002823
55.99331270939653,7.5869524748169495,2,none,1,207.6055251373521,55.50316191254743,7.925828439269983,1.7367748221996233,39.48138931657384,-76.2703797448845
27.882135027643898,5.310950384166857,2,none,4,257.9607281499079,28.72607380406409,5.797238797892405,1.3744911580244032,37.12414855233453,2.430450873699641
63.139938205374705,6.403538263699809,2,none,4,252.569466595282,63.10372519707237,6.746103352033007,2.0196132486488816,35.33864343174075,42.20533509547752
61.97644648754738,7.398988481676475,2,none,2,235.70635104094703,62.420302957755005,7.532329837628908,2.5889147016806726,43.91582130860991,44.491107407388085
119.08957493820958,9.191486433184448,1,none,2,272.9826168120092,120.01464435994184,9.506248761808932,1.6128025307149085,21.13628480609988,-67.7294893324783
35.69448058993368,4.448745703570878,3,bridge,8,200.05530850106825,36.0060104550106,4.733461002177336,1.3000558008930192,38.182173810701386,13.987530974448704
47.70046540442573,6.248456116293482,3,particle,32,199.8108650502816,46.09759951241284,6.643820788686512,1.9286323613172376,31.15544027945822,-88.17846467000315
39.93864472657336,5.883150633410858,2,none,32,265.203770805987,39.68128887163231,6.39367578144976,1.211828865628506,53.953951074403854,-45.577064436075744
57.20273760425537,8.31480588191259,2,particle,8,254.21525490537695,55.758671692072845,8.903862313750672,1.6057249620481135,28.58894820849665,73.67000265620015
62.92086346941122,4.985276388688936,2,none,32,238.99702814646736,63.56168617138499,5.037921800082655,1.946414741272,30.20590879604976,27.68001495529657
53.23646149746984,5.98927943696417,2,none,1,257.3662075852821,52.42951951117561,6.225150315311423,2.759314227799128,46.5047872997818,-28.579684678728256
41.356528997537026,13.23708354150083,2,none,16,207.0499385726281,42.3456773351941,13.821381867682748,1.8485542504641308,30.392224011183977,125.04835325404758
98.78413307829254,8.899846991854018,3,none,16,180.7064235524044,98.91030729576488,9.855586489868069,2.161705207160079,19.22907701412913,-74.22646012542846
106.52073888421133,8.682703813073347,2,bridge,16,191.21766486631012,105.45323494845653,8.865788118788219,1.6976562933492303,23.77923161945687,48.26837756962991
79.91185285967684,8.363924668148782,2,particle,32,201.08039096654448,79.91136344739844,9.345949401314307,1.5723151579841619,29.746819013968043,90.10192406508008
67.32831700677218,5.57991442460521,1,break,8,253.39622459382605,68.26613499096,5.588699752940721,2.7011705733223335,24.59322492598022,21.956972272906967
46.49979737619561,7.388735110236924,2,bridge,16,201.4391499473223,46.587154769541655,7.464977750673444,1.901673067249582,54.47223549316325,59.67147408886444
41.18520170899387,5.003132699831511,2,none,16,259.53036738536457,40.715080678984734,5.223504087732875,2.2148753683078253,33.5396741784175,-31.672911159723952
30.227776575296872,15.187697222188858,2,bridge,2,239.5028267591297,30.19520785980576,15.506896163243212,1.975316115556646,44.38310474885832,-97.67195311189695
94.66024220313052,6.679085738783799,2,none,8,270.4464935904064,95.6031561992812,6.843618465976754,2.227919091351642,34.914662124726505,12.777044758125214
60.008126358867,6.149861344225371,2,particle,2,199.4710822731456,59.21050085773836,6.247279995224176,1.5131502612134813,32.55378919886686,41.52506636739631
74.56245844885021,5.429780291621583,2,break,2,231.38624788938532,74.01250793820819,5.751426672199613,1.4320754033790133,34.741080015164314,24.801417752775308
82.80356805258201,11.294469742344614,2,bridge,8,234.33034155982045,82.97823854251479,11.974135169254442,2.889311682441761,21.757506527413927,108.2306767476826
66.64948904677954,5.970999855591916,1,none,4,269.29782269853985,66.71376211808337,6.052290313177324,1.2570511886778584,26.095456667549392,2.5664602591104995
69.81812540774644,6.093215895377689,2,bridge,16,241.8844678240182,69.71849139715887,6.404208940877088,1.3971071218465698,22.874158364356457,56.93143372306864
110.64970004343225,12.621807758894416,2,particle,2,190.0475781803281,110.86126022018875,13.500395076480917,1.8752258652505231,25.75139889508405,-99.2885882831596
36.13680369402472,5.913551204157362,2,none,8,239.5591466076796,37.393442447983794,6.791978129062631,2.1495113229945186,38.57124300318118,-65.25572739739596
80.29650472751594,12.222429845471286,2,none,16,190.61642893607828,80.34215794592339,12.887340965413925,1.3808904659711492,26.95339757007929,-116.97334746121302
60.81993513128165,3.8205756292750523,2,break,32,210.25566200547595,60.41076074958618,4.06662204253243,2.9635844203201502,26.894922328297163,-27.251111006497496
56.43545815536092,6.512577879295524,3,none,1,235.1401643855051,56.40149452479936,7.157239924577286,2.9123291218698064,36.28889834006118,-71.67926710302476
52.81757042779657,5.994090412350353,2,bridge,2,188.32469471119975,52.505351687060674,6.228383879625229,1.5742128814683864,54.702874088665,-39.39557264623312
36.40015969316553,4.576000585023789,3,break,1,211.62981037020396,36.11128633534975,4.792982657669348,2.8780805060403036,48.56280955620844,-4.295718002375736
128.3148973869634,10.241716020003667,2,particle,1,253.52223928468533,128.8833734588791,10.78572120030186,2.1095999955545626,24.95830536618408,38.8458624306985
70.06078017220534,6.251255449623315,2,none,8,238.2109668589137,70.00069672164129,6.8572191241817375,2.753327174252985,22.59001915740623,-99.23955149263898
57.44044863814955,5.061896491037921,2,particle,16,216.2365931731869,57.8004068585176,5.256969347613782,2.4702169977216903,26.643500060787083,18.32763723604762
73.64106445804036,6.77924839867012,2,none,2,267.6962446238963,74.16946366928418,7.13846565839191,1.383915285997706,33.62038686782919,42.250789719839815
81.26395686116985,7.929916580425558,2,none,4,231.27424699866452,80.51796986409636,7.959039710049275,1.9230274672909031,22.54281643456644,65.0641101065577
127.2073571342014,13.114485746877092,2,none,8,258.8546908356094,127.43410172473284,14.014531021180323,2.293181953648238,23.22637574657041,68.67707781133541
82.51595505538975,8.23254097835526,1,break,8,278.1532850104772,83.99378708695679,8.786335597941646,2.7064528335969618,39.87282200059843,-82.64956886558252
76.68561212090256,5.072324002102258,2,none,32,243.09135136188115,76.44508164846985,6.022027598644639,2.0946790753313986,20.780467252590512,42.89634167253203
67.75406405134761,6.390226360465405,2,none,2,272.8363016959562,66.88277859976424,6.711437932784143,2.085792335142875,40.8689939254857,-43.99215315198478
69.08557179925349,9.450159300227615,2,none,2,204.99452873606128,68.91358234479684,9.617734847568618,2.2450997683854834,25.3846265107346,83.37847739627665
65.94460361401008,8.358338093415075,3,bridge,2,200.8192714576872,65.9422450930598,8.600488065428138,2.9952510937571226,44.582907286564605,65.22328901989553
83.64098511909265,9.065762260975813,2,particle,2,273.13589780973325,84.09473509074893,9.284481018330784,2.8280884674432194,33.999881696173404,76.54377652549681
93.12595453118001,6.653868595605421,1,none,1,270.9882108869561,93.2592021375632,6.674140690658612,2.4934148808301035,22.53686650736342,10.132933601792388
132.8902386808353,12.157824864630772,1,bridge,32,222.6357125223028,132.73684037211228,12.683375805405822,1.8531209592343414,22.43663715775949,44.71074597004784
44.3126268271715,6.307364564402638,3,bridge,8,192.1870142161346,43.69887836587503,6.526348918712537,1.8821316161351678,32.17173857635742,-45.47191714583232
85.79564747699715,6.275062881355598,1,none,4,264.92140690133215,85.69716953623144,6.678522698463278,2.9157846156795495,28.92956286345796,-22.315932589586996
109.73209171193439,8.017417856259177,2,bridge,2,187.00311291399868,108.94930586807844,8.569737705009729,1.517466120349017,19.335244098272288,-32.13974105798437
117.34497683254057,8.718667095309291,2,bridge,32,199.0038904600684,116.29675419407582,9.515457294001996,2.8287539300187827,18.89102149013889,48.13970002881592
64.66829465063188,12.56974554854404,2,none,4,245.4285274861149,65.47108196651344,14.739458165965248,2.37887972280837,30.784405888589525,-121.6127850002896
27.234473278507863,5.876765400492405,2,none,16,214.5327256572703,28.03912732314566,6.150578009651564,1.2783378070107068,42.60882097367245,12.456612016170084
62.28235564546404,5.802129641417656,2,break,2,270.7166472728693,62.01924544309845,6.077775967745668,1.7191267024526113,34.87389135541459,15.915636469100493
94.85172547440172,13.369705317899808,3,none,8,195.02540863281317,95.74615930634631,13.561188362048885,2.159689406573663,27.024216021416137,112.06340462200126
55.50301760994311,6.157328274331086,3,none,1,208.06073769905728,54.994186332220586,6.520290153009237,2.1046596113380547,29.667511286370598,-61.36951708200989
51.433344234154085,3.657732718184782,2,none,4,264.0535808890712,50.72271705729877,3.719552791514564,2.4918552939025114,27.248190244072767,25.019068941595464
51.76004225538299,5.034949956291758,3,none,4,195.0455616392486,50.636936579639766,5.416888514085069,1.9888997421447967,25.980904030101225,25.845002676875623
81.65915877046818,4.970137634573632,2,bridge,4,225.04785349706788,81.99048494212579,5.33910925707623,1.4416304734058605,21.005889772157417,-40.48310906132468
92.28483522554,7.327615077830586,1,none,8,273.7990585572093,92.61801559478764,7.347723483512076,1.4875038436404615,25.51511037066718,-38.895058684793725
54.633424501789676,12.000170735160928,2,break,32,273.83222842296766,53.9693918500566,12.561555528478085,2.1485292819397372,32.6669858032846,-104.5516675786476
127.46785891218923,13.462254431410908,2,break,16,227.44280042884785,127.2428204662168,14.331733524111147,1.4073973807537423,22.326398927212423,-101.7897656285065
36.33813496825822,5.336174299924133,2,none,16,244.75188196104207,36.545048988370205,5.861505740562223,1.9728542122609811,50.15868310381744,-29.487522454882537
43.76539486939853,4.560389788467196,3,none,4,187.5503728006472,43.45840000686902,4.696719112073912,2.616957971434072,31.64661066202823,17.50908874180763
96.32351333856502,8.204607365037848,2,break,4,191.17060702517315,96.06798579228578,8.60913273903949,2.07263813021731,37.050957459698246,-8.737493394694184
49.21753031667194,4.134867370414612,3,none,4,220.2825087718369,48.51786255209486,4.604245544701756,1.3959369580027605,34.450788832045816,39.1434543672413
39.607837234598136,5.279565948195434,2,particle,32,260.3309037055441,40.47523279341139,5.602692117649744,1.5226574323457711,40.89409328839787,25.031170842309137
32.442831776519824,8.453789281668222,2,break,8,218.21012438140343,34.172198663925315,8.790075316147504,2.3999839342934868,37.284160619694,69.89638340917287
97.12213601779685,8.884636081161846,2,none,4,216.2616379795699,97.34017227945988,9.714589161447751,2.251432740182927,21.94951631386717,-83.5222285811187
128.8890133916116,10.884645643298654,2,none,4,263.24541587265674,128.46840512816223,11.235773364826809,1.5343920338187615,21.65307210045685,19.992652684288373
86.32334112864221,7.690101121096141,2,bridge,4,254.3520190190057,86.59717369707316,8.239554264401034,1.4295926581845306,34.445416769358644,-48.49424114552002
81.91399616106256,5.932153282693016,3,bridge,8,184.11667494843465,81.46872264272412,5.976020161284358,1.4349169727718238,24.40886499441532,-17.28548891051267
80.16841193007463,7.077628061176412,2,none,16,250.03557517936588,80.09701356366179,7.238496818082154,2.1662617970197102,47.24740340356108,40.20810708091017
45.086579152727865,4.785987648127639,2,break,2,219.40663277058283,44.56592425565925,4.836414572173942,2.424524601057284,52.60677990298208,-20.85940180792636
71.32214192325036,4.9681994357413775,3,none,8,217.0041464592214,71.1615303640837,5.135723339035343,2.371561810124713,34.175793459125245,14.675097843655266
62.14731028564577,7.629882002701413,2,none,4,266.51987149157645,62.601399513409575,7.903736704274237,1.410763867938871,41.52734024027354,-71.44524191897108
52.71663571817464,5.265552474921902,1,particle,16,257.65279946895527,50.3647566939493,5.534745414067275,1.6756389849532793,49.01802714565228,-6.330642233306378
110.35130834313497,8.792268293164556,1,none,16,239.6080679913304,111.26598550864902,9.788239319427037,2.7015733949667258,24.93683861536028,60.25438179636225
71.30137392126464,8.225834902744456,3,none,16,218.7638258586728,72.43224716542677,8.997041819847452,1.724432299911626,24.993899893454792,88.53286121935452
44.99116545313898,4.769732833171103,3,none,16,191.59091218863875,44.20945071150899,4.853034532217379,1.4890072161698238,51.8538159509778,7.802041037689321
74.23375407874154,5.342217929428026,2,none,1,213.6011817393584,74.6220862123263,5.518123936937502,2.5874486822254066,32.40881018716319,-3.546590540329817
51.615253377216305,5.359967862906835,2,none,1,198.41297559086837,52.15655060364571,5.563251042084102,1.3676578859416382,47.55409356755396,22.286036877448424
80.16980980782907,7.375464228633193,2,particle,8,222.1374260831359,80.93040958617104,7.407300859960572,2.8349648069589692,46.60961222175038,-42.995128329757165
86.81061146054958,7.169537336986263,3,none,16,201.4133974875214,86.88850832803334,7.7203133028627695,2.3164013439778737,34.807365351255314,39.67306656588261
70.91141272130008,7.244916467818998,2,break,4,214.7627235990576,70.84139947153652,7.710812753204555,1.3187105486493862,23.32358217470285,93.9436916909894
48.51518343244044,4.336813519129287,2,particle,1,251.58096631740625,48.43684537459605,4.47302524716465,2.210965127949602,29.403484579323862,-12.392999331408303
43.34180505324376,4.775254455922182,3,none,2,187.0528369179043,43.88595711073772,4.84924464426907,1.6780595467656294,37.18743303551368,0.5331785134395659
38.83845699946625,4.536678719201722,3,break,8,192.126790458888,38.77149622717463,4.810531897862627,1.3088713763632271,33.8223383500141,-3.997176813391889
40.91301810986439,8.186559708137072,3,particle,32,226.17830675822003,40.54468100686692,8.730061364665163,1.7739759076192034,31.68908321385737,92.89636723558806
87.50621981347997,8.638909259577936,2,none,8,240.61896593357704,87.11955046566052,9.227753228841024,2.7993640501356403,30.22578131306661,-72.19260065934012
88.95751175153657,10.61616589855553,2,break,32,201.95449597872545,89.57152619841223,11.233821182440062,2.0893466948777824,22.428261203037792,97.79782707175856
99.87898469123247,7.791697002996932,2,bridge,4,267.73444187125176,100.07531535332522,7.965420157063815,2.0073073397405823,23.26188413399749,-20.53411533859955
75.28693082290917,5.95563936501579,2,break,16,229.78548812531196,75.43679855124196,5.990902002501925,2.4104776935330863,33.2725328888875,33.34874037551495
103.40677058757772,8.302632130156988,2,none,4,232.3831243231648,103.01385537789906,8.332601764544858,1.2047645242101122,20.80891959974546,-0.7778152341086866
92.23893031426599,13.490733840947758,2,particle,4,230.76131413824848,92.9089952364172,13.937570147595196,2.7106717696814293,21.03311445554113,-125.39613915971796
74.31038241367574,7.173729740757178,2,none,32,219.80564219358627,73.59273783164501,7.600501662949103,2.341633561289043,21.964902336383897,75.60427842020971
35.97588090183493,12.031114949262733,2,none,4,243.2760758683256,36.42888647698317,12.317901543279486,2.952659637820693,46.48978907272111,-101.44840499489528
55.13986784902289,5.150343636410712,3,bridge,8,217.9901730043501,55.003833880023045,5.553882367898182,2.0548907612863876,27.98630716843248,26.23063805217103
108.86940524676778,10.554282288959387,2,bridge,4,217.889306953458,109.10354672833428,11.073606216352909,2.816273877973237,18.182465335934385,-72.40683374366542
75.44032069580607,8.253889512761477,2,bridge,2,278.93119808591564,75.93473469443575,8.553592698989956,2.536190967999928,23.444264994700816,-89.85886216530234
64.15661750285085,4.127216962462063,3,none,8,231.17119362433908,63.69372795635904,4.247012465013984,2.2849733420521456,21.82711149386478,16.268234880631496
99.30681458781083,7.845344390541651,2,bridge,4,230.59820506354868,98.84165569211292,8.329929455355881,1.785067814075219,32.79697006507904,-5.756116084321832
79.83490911170007,6.8445917652796595,2,break,1,236.05335798972536,79.46005273499279,7.220223168822696,2.8516129230640677,21.198198472993187,53.5381037639325
96.23667016429366,7.1653023898426795,3,break,2,180.28459762082085,96.03487119518296,7.359166550382899,1.2417477303743039,21.979652482576142,-26.696012905866866
83.88805572828511,6.9021969207771745,3,none,2,222.49494364754304,84.33259824671268,7.013132110395139,1.6440784426155677,18.14126244231482,-79.22324586289938
49.9761301472475,4.679357976490532,3,none,32,226.8977030178449,50.21411553008255,4.965131115266583,2.1973440451044532,46.1704805067826,9.519205343703618
59.151011023323576,10.791587219741015,2,break,32,266.95477907321657,58.34875798953741,11.002977695501734,2.4499988815539986,29.499641546952542,-110.86547252073012
73.79761961423478,14.25081949916289,2,bridge,8,213.47772413991544,73.82472153673265,14.539514253270868,1.8117921720049472,21.121992375786743,-130.59287910752028
68.05408902524988,7.872996863040087,2,bridge,4,252.51106663399528,67.60003900118035,8.103500633820234,2.520072998283923,36.59291171002012,69.54857499499317
44.197721097257755,4.969758663846389,3,none,32,213.3285147481956,44.93783614063872,5.2502392357616685,2.3803664812936463,24.03200084514032,37.7838999609078
43.48821803395896,5.157397093026035,2,break,8,196.94440031727555,43.79394315579204,5.353235524978774,1.5523515253376794,48.55141720618225,9.254056694085053
45.195719073990084,4.279942287929926,3,none,4,211.659414491081,44.0580833308791,4.9628529870573415,2.1690152037157904,39.07079477204066,-20.043997046922755
79.08881874636108,5.414519135319219,2,particle,32,244.50061359982803,79.18616384774172,5.512870439948612,1.5531682999495038,51.5039137313965,-6.278509424712553
40.97432261718212,6.612994657955671,2,none,4,276.8615856393418,40.14691710991893,6.824589899442316,2.777566828093097,51.40245442155851,-10.425474818753456
95.45059903705055,6.54867682132039,1,none,16,274.49836034936925,95.6413007408362,7.305938647410789,2.0990803932547952,22.37500632063003,-59.90693322496951
52.10355412760242,12.875650997552514,2,none,16,209.30859060725504,51.17196632677003,13.643813973151392,1.7097991148233342,23.24553501603752,123.08465126896397
131.3322357563718,10.760830688025289,1,none,32,235.8313131389898,131.73679087699372,12.272814747279403,2.2243087518325715,20.65622784192006,8.195002313592767
26.82329651222744,13.789355721409933,2,none,1,240.07796678572413,27.0585740840684,14.22579134438619,2.3448492397820395,39.29295448636376,49.94782143450957
89.6283657017666,6.393100144341581,2,none,1,182.5987275850576,90.5242788068924,6.876268086627737,1.9288539539105634,21.499532456935704,26.23510201670186
73.86600415791474,9.2943261709796,2,bridge,16,207.53255070067297,74.16494070578867,9.394130945737228,2.840985829047243,25.341243535516178,-102.287968149786
56.52928311110668,8.145915005483557,2,break,4,246.4804809951376,56.30991393528594,8.352889694558547,2.657966318132321,24.3301435253434,-92.1910756637976
130.68840546441652,14.85545164402619,2,particle,4,190.8465421112292,130.14036068084786,15.313626687130338,1.3245422460074447,26.82037063481553,-28.83036902157707
20.432819977921895,8.755970042826105,2,break,32,197.07530837951649,20.949411070372268,8.881762105086702,2.407443929254248,48.72858785019798,39.20957927747003
23.769627149134617,6.370393148822368,2,none,4,262.9988538209979,24.458897923344797,6.747446248951378,2.2908816649049575,38.2739311824639,20.799011508453987
66.90319917438183,6.146184717596135,1,none,16,270.47173123115545,68.14052812749243,6.364148144332959,1.5844736432501558,32.48765756275509,36.18635335364948
63.75273021502676,5.720314110231915,2,bridge,2,198.56623498288468,63.615669832586406,5.817463723005233,2.603920062636841,24.965813529895957,-50.16798121340534
107.62404095850889,6.268415932176408,2,none,8,239.9652367975833,107.24792511754325,7.023425291942171,2.8434925410860847,24.027649024203004,-1.5753159946594335
79.60632115633395,9.852827310253971,2,bridge,32,219.28731427050585,79.19500213591719,10.505247916877275,2.344073629125379,20.81516902731539,-97.58428514208497
60.184417304367095,7.296456767754248,2,particle,32,253.1493208265362,59.58828594032545,7.387465447035606,1.3314248467268943,39.794247954392006,43.26485153811743
39.47668917186161,6.142769787327975,1,none,4,269.70482160543247,39.10708670988753,6.517497126132054,2.84476301440968,52.395555660890125,-36.60817488757772
45.24819109064015,8.26349808580604,2,break,2,197.5770565287807,44.56264304149435,8.524677646352185,1.6041573730914245,44.91318446974416,65.28349349193343
150.59194396820124,13.841517168982001,1,none,16,268.88361261840174,149.3250274713703,13.909931848796443,1.9662173047298925,18.458557427058807,-67.97478687990318
75.33188481972319,5.452349300846322,2,break,1,225.75689691765783,76.25951251869611,5.669877349154999,1.4210310158717516,26.546920974737905,14.22626467936297
109.073797275029,7.391730815762813,2,bridge,2,216.55571437521445,110.06033788985174,7.6638854893987105,2.5698102676699954,19.48102944968351,-2.044973062861345
126.22780638485001,14.38794114275531,2,bridge,4,191.28392181016667,127.60323966873776,15.153553056244869,1.5156242242370501,23.88686380008517,-41.03361331952789
78.491206522005,5.852073766566361,2,none,1,260.86739545155126,78.37873722982499,6.261520302429679,2.5364403144000063,33.92029681757954,34.39647054954128
34.14143045705506,8.543057772746872,2,none,16,232.9887267303256,34.6074226076429,8.924091729090375,2.6251253296570365,46.47376731106358,-80.49225800141917
74.38470568460133,6.985598717422812,3,none,4,197.26119527917024,75.25844274527033,7.584008879725651,1.570630808179818,35.88830022088135,72.65298316648796
72.39909575786103,6.890808663920112,2,break,4,267.3737615911372,71.17465890245728,7.041865691913122,2.779722327297521,37.98644629082453,40.33425638202854
65.21862699605535,4.979284200592614,2,particle,4,236.2272016768038,65.95085017081068,5.291247483031224,1.3018708864079038,24.123428833109436,-7.696701536175169
35.31163064182031,5.426617085338511,3,none,4,187.6021738696211,36.41785296885315,5.816664500723748,2.514791372874356,32.204192693056505,-17.377790754676653
42.69742550844601,7.137122035860802,2,bridge,8,254.23880042583065,42.51255278642464,7.917932762356355,2.099921330422171,25.118427827542995,76.92596490485266
49.71373593234912,7.0029145874982595,2,particle,2,234.65639552229987,49.32606212996725,7.282445394170848,2.2585512423424303,41.6745044885525,53.93009370807857
83.78273617081116,7.959942330480773,2,none,2,252.66424823832537,84.46743899410842,8.063084157026918,2.270211535274101,20.53889878239076,-82.70212233980092
67.43457036286611,6.444068354061422,2,break,8,214.1514253991156,67.88155019578339,6.828356503787751,1.4616095232043065,38.00187955350004,30.58773528536921
20.863336748198474,6.775821960475188,3,none,16,202.17742777435015,21.365750443844878,6.864089051567455,1.3454148192693451,51.29147548668432,-37.43481038876303
117.85363854271748,12.716732638859956,2,none,4,239.69690409329428,117.81162931434524,12.963459086006612,2.2741408242117025,18.78483267704676,90.97716315784788
86.76238189364744,7.706646539842238,2,break,32,245.1410419951408,86.36836460048386,8.614126866230599,2.000573392418896,25.203817490225497,56.646790187213895
73.93497491000247,7.402612805411865,3,particle,8,202.0763800065244,74.3127360986304,7.701946779760391,2.6730730720436293,41.09585662435326,-53.06671159779606
104.73031611915047,8.866913480933116,2,none,1,222.51879849728024,104.24594177518824,10.845670141262785,1.642296531133323,25.16408149847412,-82.74787274967323
64.13353438820587,7.677499896050538,3,particle,8,201.61922880043983,65.56939720491604,8.039754562514732,2.00367428262197,29.841424933727318,-95.31059699286772
72.11796867662522,6.493464364043125,2,particle,8,248.1068277320728,72.6300916022678,6.808980831319524,1.4099926680021733,38.93722184253188,26.37660687309776
46.42338913101154,6.437332619134203,3,none,32,200.3987376672858,46.56500102481967,6.970160962446793,2.7741030365226065,21.69889489889527,85.2204485560049
107.01367385686702,7.800394381015135,2,particle,1,236.44386270694764,107.2306420918972,7.940495930453203,2.345240702005471,19.495815835909365,-63.36100471296327
96.16420451418382,7.311729931321331,2,none,4,195.7225154800446,96.90643177933472,8.225641745926055,2.276666495477821,23.85676989363423,-2.381520858317856
54.5813142126201,4.548282012225771,2,none,2,189.13075119360627,53.34054311521713,5.321919054286693,1.291979636875698,44.83056333587186,-22.73303859753921
94.82244844656037,7.504522549333506,2,particle,1,226.78086449797468,94.72806230278395,7.982257524284591,1.9402016848541104,25.5496789633512,45.14422709012328
83.15504417660289,5.675597405240955,2,none,32,245.1917229715103,82.46674565206447,5.733555597068657,2.5442296147516945,23.340157464548863,33.64785742211566
44.821525637939885,5.859625497532287,3,none,16,188.25796011516223,45.58126855079527,5.949102210305596,1.2317269656420833,33.2352593234677,21.03388861720191
42.832087882308684,4.513349085711201,2,bridge,32,263.58911377955144,42.34530789733885,4.798295876619956,2.069086922387303,38.53830689501934,-19.376086372672773
87.1464632601319,5.856850739867543,2,particle,16,259.73939624657936,86.594585998899,6.039056414737847,1.5845433518364374,22.387071249851893,-47.44528921184596
27.53983702507861,6.227081714442797,2,none,16,243.4681067200672,27.9192787456873,6.461213902780663,1.8562301715564442,37.70041875054377,-44.82529234924803
118.83794439379749,8.653034138828868,2,none,4,278.10595627480825,118.8944065108308,8.936400613900068,1.4540376795433163,20.676003174005466,-4.269124880172882
61.74545950560772,7.36282760204511,2,break,4,225.5035829106188,62.62413671167977,7.674095648797943,1.3702388795399703,39.41720156505194,-64.60047651493693
91.5138225851524,6.550618262805475,2,bridge,8,238.17008562353837,91.65491289592836,6.876848634436507,1.2743736580916796,22.26177183721296,39.27411172741475
90.24240733084771,15.161310317803949,2,none,4,205.59205789625076,90.8605271361875,15.445616444314116,2.8793040025918373,36.25349074153074,109.01306391413362
46.51045302300827,6.888352641599216,2,none,1,222.7750264905047,46.57150205102475,7.155415083248184,2.91021242796076,51.05507799270848,-70.42209054879923
54.5595624456235,5.246935703660745,2,none,32,245.9877693870717,55.011060771167486,5.567047410178582,2.23311148335696,46.48062884522359,18.805126490144545
117.58086576477672,12.41870095406706,1,particle,4,269.92303558550066,115.19408082355008,13.103822253800546,1.669933276513373,19.042962662187165,75.91547707748262
39.40584444848276,6.578455984810763,2,none,4,273.3568798088718,37.54529924500047,6.608490226088253,1.8145444026198874,41.624830956329134,22.518988805497827
63.72006250366948,5.7554778541162745,2,none,16,215.25886721065424,62.2589580119184,6.154361810317356,1.2307907561044737,22.7222675735333,-60.49958968063432
66.61687707438489,5.209985590380386,2,break,4,252.7603075628409,67.8944063841564,5.563619178621389,2.7932018372758787,22.82045226778294,-59.18656382900829
88.32640698538457,7.233878966100279,2,none,8,233.0087077286942,88.64747968529262,7.3144180744174845,2.605473638750899,50.348639973773984,23.46759377820854
22.821055706212135,5.888038431961385,3,break,8,219.53378745375423,23.630595112477312,6.477352924257398,2.0735382558525908,50.04633263260002,-22.814365618079364
34.72993603791065,8.66633836441817,3,bridge,32,224.8893320088742,35.726868778018,8.954237480870832,1.4987917584343822,33.489472247595096,-87.57448679327763
64.6246145451223,9.311397205078858,2,none,4,271.74704982557404,63.08596909313516,9.821041173433033,1.314079894767716,46.27843066218227,72.15703460935782
152.263403818225,12.348467994248011,1,none,4,241.7007102097304,150.46215818791518,14.114633143275416,2.280061157645221,18.464030991350693,26.92851406642751
52.363451205238924,6.094566959515664,3,particle,32,194.21964488323712,52.4707347214004,6.396498691507553,2.5858432026984275,31.058664173210964,54.80722301152835
71.92103832782121,6.747442802383319,2,none,16,222.95503120115603,71.63098456338255,7.22760383362677,2.5973983387253288,23.453971475780172,82.35959637462827
89.04049122783299,6.395584330489734,2,none,32,267.4452460172955,89.60637533083364,6.469742135599957,2.195848487226849,29.816735705104456,6.322972234655907
38.05967095329015,9.907819403396353,1,break,8,278.65288097755274,38.06788565988592,11.472658422947104,2.381900413274322,30.4871673267612,-81.03129043585908
51.7897694162142,4.247898039255154,2,break,2,233.81704220350932,52.36756918430152,4.386777330111734,2.545776753048621,40.97290627097891,12.05763293378746
66.50786459957754,6.513159653616464,2,none,2,219.58371061666108,66.95177061556697,6.702919744078375,2.3292491204429586,28.82188073297695,55.06283910423952
61.43619006842065,3.998100229907105,2,break,8,241.559349810779,62.363923040328565,4.274675039264787,1.6722897371534773,26.00655766034159,8.333746523201143
46.980132858867336,4.777502990257215,2,none,8,245.57100320672183,46.88114687694698,4.897213420195189,2.891865122940208,43.45203085614987,-28.62442053435626
129.8070622199631,12.620172412837679,2,bridge,2,219.6680243159641,129.16335935546397,13.180813335240414,2.5522572721973757,18.130464032164834,49.5823363615971
72.81174322204113,13.91590313458877,3,break,8,200.34491469494296,72.3460431577471,14.586615628848367,1.7367713006302274,51.80862662309407,-135.18177442494127
87.46334590116305,7.744315694948167,2,break,4,250.96561080746835,87.30332473376566,8.201473041252616,2.003735257876849,23.401026252245583,-75.87651509546268
39.74949375187308,12.920836822752559,3,particle,4,215.2469090858397,38.83726963835144,13.42360466926921,2.4544400343011143,26.07754698248882,113.82547267925656
75.85918188507739,7.2960180123444065,2,bridge,4,237.3485436131048,75.59755855628262,7.402877487057438,2.974586357405265,48.63133313796016,-56.30862696906303
90.95925342939786,7.959827652653131,2,none,32,267.54792744607096,91.1103028021099,8.750171220254593,1.6719645367848046,33.563671503979926,65.99687041751201
63.65284523573832,7.873041839916221,2,bridge,32,223.0276933735042,64.36278751519102,8.190473281452354,1.5459520465884258,32.84305163784275,-77.69395150498464
88.46605459887144,7.777238080885743,2,particle,8,193.71702305653196,88.95158724062843,8.06425332624812,1.3214612557090601,28.582609881151203,9.77393339008998
61.22351155920296,5.015451076695297,1,particle,16,279.00664899242565,62.13115420957404,5.720186127374863,2.3250508243369308,33.25295617202157,-1.3676568077200386
46.2968841678856,4.973355707832487,3,none,1,211.41893545071437,47.74669941731605,5.283238265971102,1.7620978522293873,40.96377746623726,-23.92927901014841
59.44726399674775,5.028651394942742,2,break,16,199.65873028237576,59.65156117386748,5.381187187668306,2.4278443723435386,48.795058911086144,30.98996179073447
112.66377812056834,8.027100141705136,2,none,2,227.9966277890609,112.74865752766313,8.552552381901847,2.5104219311844393,21.51234470672603,-20.251603480733596
22.107277833882662,7.917704973210353,3,particle,1,191.3925574932128,22.13235939825017,8.358705515869932,1.4645116778097251,42.25023226129676,30.06909345959141
84.17187787427895,6.185588696002559,2,none,32,227.234698080643,85.30447396972885,6.415892759342865,2.801498999976875,30.421899431717637,11.104288990288552
122.50576879326296,12.420146058023501,2,particle,2,187.25120107185512,123.5051363616146,14.237315912728953,2.7366397845557575,20.07232659666225,-34.12459538430528
85.1536223672685,10.378402861727448,2,break,32,230.25512598377043,85.25751829151989,11.578284627699238,1.596207153262831,26.7442169837041,-108.29633130182545
36.79751825387976,8.329051546149849,2,bridge,8,270.8342534935222,36.62551862174331,8.68662168009325,1.9742110993594355,40.62974145811077,-74.20431122075826
118.12032369640299,13.621084705431144,3,break,4,181.54863242113808,116.8043495621918,14.078648626054674,2.818329608346854,28.758310021924324,-49.8803674869155
50.85276479046817,6.092070383840935,2,break,2,247.4452705907348,51.92104620560952,6.49152442919089,2.162491737402755,44.93144841987098,30.033081712624664
27.969247111106306,6.005425254780318,3,none,8,214.36645875049072,27.47505861686634,6.562631632788237,2.6908661098198383,28.98846130718897,-53.53246580167415
93.08491453856209,7.314715256143576,2,none,32,219.62720877026567,92.15877385454088,7.483204993113055,2.7336974174759883,28.029417342119864,-14.7663745362932
153.8750210578238,13.49198220994049,1,break,32,274.88981002800097,152.28707744254237,13.528827037790723,2.1373463531845367,20.373882584049444,-4.84504379077066
120.57491975886016,9.852968973901653,2,none,4,243.78080037925025,121.10322058635604,9.938703410814236,1.6444161302409137,28.21343598871215,-47.76557048874759
99.1952378609963,9.218217778928139,2,bridge,4,183.33345535885616,98.33800260829663,9.632226013534892,2.800737306056173,27.710673110840343,-27.295643375936294
60.65531072156182,6.378293850419396,3,bridge,1,194.67724037201208,59.29669472084987,6.468439729905109,1.7954479284066154,28.72733814164232,-50.82356761381942
63.57611523660029,5.654586151702583,2,break,1,206.5656687706605,64.0715322300875,5.909849728591192,1.926004964107161,37.29591829324127,1.1220036653945442
43.911556022094715,8.29812061658963,2,particle,16,188.29910982169716,44.51196362042227,8.537471823885287,2.817047551132487,47.261800990379264,62.122410318388006
94.0867446920903,9.71110334913343,3,none,8,186.8935529067321,94.07715598048895,9.886650979925298,1.3667256440947693,38.65017311748511,68.460123807142
76.7905144197437,7.287612135930802,1,none,32,259.0973865303167,76.85626344683044,9.14362094728011,2.166198164015897,25.37983219590478,75.88279969163821
22.329724162147443,5.892564365195204,2,particle,32,232.4053204088622,21.220880437177662,5.979061870043597,2.4342726565931665,38.03137869122549,-7.16748076877488
42.77556866493555,5.730820236049501,2,particle,1,188.3516199349669,43.50608491528798,6.390474020547169,1.316206470872459,34.659958481734805,64.28394312099945
29.134750773074046,8.66927557804713,2,none,2,207.338548953004,29.973774883547765,9.136030372128888,2.5802572046097243,26.1442029767066,-73.72345928700007
95.44718001970945,6.703725895301494,2,break,8,233.2527809986929,94.90633691242616,7.321414202068125,1.6488441779818521,30.7683530849441,-41.71059649054851
54.24413080254552,9.326521557576122,3,none,16,182.32327911734936,54.59037012911441,9.503622800513437,2.337384699273981,35.14708023869409,74.30800253700042
22.06026086038821,7.753320164787377,3,particle,32,181.75627371071928,21.12936235317245,8.367445510993074,2.5555480277599614,44.08743769727956,29.176896678371406
45.27365354620986,4.817999839773711,2,particle,1,267.9506211104838,46.5119438026263,5.098331909741453,1.9298839239243044,44.44886253071837,-17.80203208399803
46.91383719548594,4.613629916195536,2,break,2,214.1741906747033,47.26038062811634,5.059054724450881,1.7088450500021497,37.111751530815575,35.14596778034996
28.99142479981643,5.928621310666426,2,none,4,263.0777804336949,28.431774915844763,6.442913244348513,2.5884183039794246,34.321886828793964,28.073582034071848
119.98519822893023,11.84821006946558,2,bridge,1,196.2820834262434,120.76446949444556,12.259002321327795,1.5472050270201576,19.464991467342177,-48.98215163551333
82.40797800043117,9.632457402616021,2,bridge,2,257.40935239207766,82.97616632508847,9.973987439611948,1.7924103812517198,31.81725409687373,-103.44660563540522
32.82851584975679,7.263262187025398,3,bridge,8,185.1320479724532,32.81738550069301,7.470546129005011,1.920544163300075,50.03137178847614,11.818778370459484
78.58611958135636,6.199408609926904,2,break,4,244.4247434860872,77.54010052200375,6.405803999183464,1.2025657166199692,24.446992864444912,-79.99073592952493
56.48563949176111,5.66042487862481,2,none,16,279.5696229064831,55.72651162446775,6.372048826328271,2.7802811455430496,32.37539170529148,30.8313670153494
17.64055726126412,8.541727596449022,2,none,32,190.45653181808325,18.06954205240414,8.940689069740595,2.746762542044922,51.62591744087042,-2.796362344992673
104.22738288376034,13.170579154395213,2,none,1,213.90093400192035,104.15587880678136,15.803725056999475,2.5743712854263756,18.905748060374037,128.87608037976582
62.4746858161254,11.237035063883328,2,bridge,8,250.6450233211173,62.89398242244374,12.081910064416668,2.236413314100174,28.782773003808902,-100.37473032463237
72.14318219771388,5.711488871715555,2,particle,2,187.66322394362305,72.57174351011517,6.237328319067785,1.8236030151057325,40.36459430210768,-24.730795998062177
80.5221312746944,6.523292150497721,2,particle,32,199.71387603105944,79.52320440310973,7.432917235180271,2.776142302364816,34.419450326827565,-40.57445047061907
52.89833580175941,5.0916717250290295,3,bridge,4,208.7057756898248,52.340241123846745,5.3100316288087175,1.2942933217818724,39.92294045119651,-43.6528651784775
92.32624636200728,5.494553667332296,2,none,4,272.5195511285979,92.10194848541629,5.675224330365887,2.0292339385230704,18.964953551654617,-9.23435107504531
83.77937928440906,8.042058710159212,2,break,16,245.9154986586676,83.60912225527588,8.27051336675343,1.208109462945783,40.95608476095674,56.52514204330407
98.72848115273378,10.970507821939657,2,bridge,1,207.50020406532332,98.7661966253659,11.210847131636887,1.327348248146703,21.53869188512412,-109.83492640096364
54.14381645278337,5.588612022256641,3,none,16,182.67680818226407,54.47426053574856,5.789494347522149,2.490565424767281,33.348669413322376,21.340489454302315
91.85459224600761,10.656140936840718,2,none,4,227.292895525476,92.07288039878686,11.166891840614094,2.7956372896586084,26.20840988701485,-116.62877002805756
49.219276836450064,4.964812096984506,2,none,2,214.238172234715,49.34576108435479,5.108157548676838,2.3458062702710545,47.51630630722436,-50.200221870276266
72.08197632447818,5.938247984626834,2,none,8,187.57981730053675,70.84104249908815,6.270673471400865,2.901324133399947,31.3154434358424,26.55716315603189
28.393923933453323,8.654176653228262,2,bridge,32,228.0302787058132,29.32310864242833,8.976667446162121,2.867767659408064,31.878825953241133,66.75668911139303
101.76886173896426,8.830015296356661,3,none,8,180.3456821929697,102.0459359345379,9.339562623289869,1.699469752610241,30.169599636332972,11.134383701391698
45.638001745778496,5.364319551423865,3,bridge,4,190.06700652255583,45.49813146503365,5.908187013182571,2.559124647161716,33.8303478242871,-38.37867383178559
50.550151025019154,4.1940311593636785,2,break,16,279.9384137556486,51.96209058443952,4.510641953640397,1.85573979125985,30.84185728492662,-14.584947332001832
45.39997185816667,8.244431779256594,3,none,4,194.32513217708424,45.32854131756988,8.636451118896957,2.0187829791917853,50.08494407450883,69.25905420527044
48.93485706926401,8.809739952594976,2,particle,1,269.3594752361339,49.2165008878313,9.057766016386752,1.6878002649128567,28.521171488666987,66.58852510668405
72.55093435643144,5.569680481681273,2,bridge,1,185.9428357515751,73.1687388572618,5.660263806255445,2.1877351806685903,18.643499863855027,45.99588114386265
52.12181391538632,13.12504605230139,2,bridge,16,210.6545352316077,51.2752685797975,13.557061338978755,2.6690087601392034,22.476460288262228,-109.43509671424594
80.28227122115648,6.8440088157169345,2,none,4,265.6928492228841,79.45142156378924,7.19530122493581,2.877516292769143,20.96792635476664,-50.31233499616661
34.72508156494706,9.509282968211814,2,none,32,253.5370586854768,35.04934842312385,10.28482770616239,2.8725005394724423,43.73211022202162,-76.2043353324123
71.85503090092398,5.260851713105183,3,none,32,203.0612416260677,71.67137091001815,5.390977274030116,1.9208147912328237,21.342793821337256,33.56885528128524
50.81766338747253,5.657850828690915,1,none,8,266.6798361243402,51.992087910074,5.818686970644308,1.5855130664907273,30.63142856133096,-30.92846704089021
65.98176647421265,5.089776242833489,2,break,2,247.5051827093164,66.47818250537189,5.173980555521167,2.8938651945556377,49.54378323703008,-9.581906664842734
39.19755515718527,7.205788282896989,3,bridge,4,203.28842058648345,38.49931299067487,7.680733441268059,2.32447600262661,46.88946779221686,-58.41900171356136
41.49699008544684,6.441931527165881,2,bridge,2,195.3697583583472,42.07746365234014,6.460522938263791,1.6582405895014833,29.46179426252173,-42.94224858246571
42.43119061482759,5.927534817134882,3,break,2,196.0488517334239,41.80077905737967,6.381662930234231,2.481021157633159,43.83252218858812,46.18945947591436
45.561542852078304,11.398631763569373,2,break,16,190.3417514079337,47.208103760928005,11.721829368519623,1.3326855732938947,35.327525222453616,-103.7737020508894
41.059454558306044,6.618092257968055,3,none,4,195.73090704650969,40.36960508028815,6.7199319525993975,2.3210854767336717,53.0103825167726,-36.43837733496352
68.91625044597298,5.179796415153902,2,break,4,273.50776764856914,69.10929310990797,5.534813432216976,1.580416309785679,26.716375756488148,16.85599420965164
27.22333620158177,6.910890799462792,3,bridge,4,233.6074294801212,28.003181357408742,8.029107967982053,1.2092876838687399,42.86508823346783,38.37659887494533
77.71719462509222,5.90130038695016,2,particle,32,248.85080875055516,77.90471098120288,5.999223330324498,2.5083655973354966,20.96977305180317,64.21764514036644
82.81713822968335,5.243935763952868,2,particle,32,269.97856725160045,82.0087288410354,5.612187023121344,1.8476397332384482,19.31909838024764,-10.44725122612104
125.67239263251979,12.640995578864352,2,none,32,254.26383376243436,125.85526925095556,13.149083741489868,1.228645755548796,33.090174637611014,-81.62418136163903
121.94222559906636,11.254761381133198,2,none,2,208.132565891374,122.47232546187472,11.450144484983108,2.6673125150530415,18.623081130063756,76.21492184546099
90.64139989354813,8.548336326461918,2,none,1,206.1516924229452,91.48000258479206,8.82698057130666,2.4620977126742347,26.762023136745107,71.42230503708595
73.59323284070234,4.306280605910389,2,none,2,248.6866017555328,74.20355159252316,4.465159808849798,2.488943741979932,20.06419430868399,-42.65064850998553
64.45283289952502,3.9349145304831543,2,break,8,243.96341566102157,63.885286354267976,4.093554288120757,2.3324495021201117,22.283778657742143,-38.29058155497981
100.90488601124837,6.55426292974165,2,bridge,16,238.36294752882264,100.17295063796664,7.121355932565839,1.6670462911523747,26.929423715989223,14.905047702601422
54.69103192523201,8.176670653236112,2,none,16,207.94654772948917,54.47738010272523,8.198772692818546,2.7165600360565496,23.979908776778483,93.8695054030208
59.03458173458324,4.933667031678575,2,none,32,213.38719287349568,58.62452098448888,5.318299121339671,2.2473991869774754,25.665466958830265,56.49918297397432
20.602367262111986,9.483949668325025,3,none,8,241.6003099961312,20.81308735748537,10.011632235925784,1.2778042639635596,35.463759202350296,23.31716545267895
102.44858318357205,8.652164821592773,2,none,16,271.9048069283131,103.24136440123765,9.085066252159002,1.2126176433412186,28.19084766148922,52.13744344726774
84.88242368350433,11.628849785186455,2,bridge,2,216.7882483705272,84.6629545342735,11.711321188124233,2.3936316897024215,30.64964090720912,-109.849997611278
95.56682590560943,7.938520336466085,2,none,32,201.9390473821624,95.07718077025176,8.507953766439325,1.5729013676121393,22.77063019229057,81.24172556937356
81.79721943082954,7.613059148158776,2,none,4,233.35069235892556,82.83706632274124,7.703036821044341,2.541896141805152,20.099216869994823,-80.6064502270826
131.24263738284844,10.082233534190204,2,bridge,16,249.75510045277787,131.53779055925258,10.653368018770168,1.2724733478704315,24.42212245371048,23.412914038581448
43.9482105600143,4.4653077915430295,2,break,4,238.6609288232197,44.54336072408054,4.7053347628187225,1.5639510408641093,38.30391202407051,-1.011360280168276
26.861927254998577,6.063081620260524,2,none,2,269.76345499857183,26.4840999174645,6.737558374971983,2.715516150477865,29.37532938593094,43.405025926044345
41.92089028946327,10.199257895049056,2,break,8,245.6988547689268,41.62786926772492,10.28140169143983,1.798772333599753,39.60158689028988,74.35298001373164
42.56683757158984,6.695791951129064,2,break,4,276.941792685377,42.85948215900184,6.773231686198585,2.9840259277272683,29.823529916117156,-53.24408870721975
37.954426090763945,11.482099641352697,2,particle,1,249.07395244713285,38.04067231390128,11.862065384790904,2.1409076785369323,37.59636824396163,64.67079124409622
98.3956413388355,7.349698076309686,2,bridge,8,226.9303069208084,97.95559466632844,7.701808660932003,2.217090293250522,40.49235103870819,12.23791965502545
53.53516329213679,4.759945951891421,2,break,2,185.29716662527068,53.66418106417409,5.132427657639814,2.427216801004416,33.65301552277069,7.377246971420874
76.96685677282407,4.954041067530995,2,break,4,250.2185950131781,78.76728322348696,5.386154836474557,1.717335094939172,24.53608433187301,-43.9171722465845
78.6710145599099,6.315787810432408,3,none,32,220.21274530268252,78.54117525877454,6.414031528473038,2.3568431383368145,27.588490054441035,-61.0727054696675
104.69431211042358,7.440758021511829,2,none,8,211.71330254200865,103.822698081773,8.50208102737405,1.203096690961323,19.35765396811154,67.29945171517755
56.984467094084344,7.810724899202779,3,particle,4,214.5550965410677,57.276572574770384,8.178150744584741,2.013947441578197,35.22037330102199,71.70563655411618
102.34061439990965,13.511278307927922,3,bridge,2,201.1625570257052,102.6024130735051,14.502191743038788,1.52126953714836,26.256209443566966,-118.26705391423089
86.5528417335734,9.724842713277313,2,bridge,8,209.0131947275994,87.44091173456154,9.917324755630627,2.039777486022577,22.195033942007324,90.22818795547306
24.327128749258918,11.445478920827897,2,bridge,4,236.46200257102373,23.288768211473577,11.921697230043856,1.8381684567982817,25.20909301212291,-63.71548464227894
83.48411341169721,10.117848534311287,2,none,8,183.35796849958527,82.805746239212,10.478354597594532,1.7064851142273763,26.99207110640888,-83.18967211608073
85.07116005762909,12.631991622700145,2,none,2,185.99281407781365,85.63865839080216,13.855442399884014,2.5325732958110825,26.598726631591976,-129.38637409392544
78.5796155559387,4.983751596994333,3,break,1,186.0275803942112,78.96739607941512,5.156282052402582,2.4073804870252538,21.57889721646767,-55.50743383213782
87.42436507213968,6.648908277067169,3,none,32,193.3964732122624,87.72435181823717,7.389967143720264,1.6885994039888383,18.613271281374157,-45.41426280015122
45.511503931330445,7.3663899553309795,2,particle,4,247.2209312490481,45.55771862786992,7.784452894532318,2.847090092283249,37.41772856631562,43.35426310957524
72.99684675140432,4.506767258328916,2,none,8,278.757596150708,74.00315121366785,4.775499133659662,2.767927021833533,28.839462231390414,-18.274040466578043
63.105762400685734,6.668611456904124,2,particle,32,245.6616965600072,62.606944599026654,7.11476686887149,2.790079626044932,22.214018316005035,88.70272641314682
42.21589345330173,4.6273072021027355,2,none,4,238.5509897629737,42.03790110600898,4.855307402133164,1.8167036903209093,36.29903007705354,3.806081041693631
91.86663087268107,6.678838459449933,2,break,2,242.6027264758069,92.00983644015844,6.926757466950247,2.2590461109373434,41.97661193855113,-43.87170376509204
43.01742419415988,4.597455044568553,3,particle,2,215.13189593840025,42.76665772913459,4.814685878150573,2.7223283058206107,40.60904392910609,12.840281423358675
52.81108252398826,10.39452599218399,2,none,32,221.3224895916277,51.93196927617632,10.812346995215451,1.5129176389383043,48.98455805859331,79.96993094383504
67.87881389828564,12.106260455558065,1,bridge,32,262.0331476837354,71.35488285298601,12.216770501258477,2.9470377072081435,30.09511031019281,98.41521619704486
32.256028698828345,12.540962113213467,2,bridge,1,263.3655104648394,33.63086200546613,13.904572586274762,2.5502917451912817,32.57948536567458,-95.54778095333565
122.50025911001423,7.97051483810634,2,none,16,258.5381277633994,120.5105754521986,8.908726907238238,2.2320722905924137,28.636339235973537,17.274942534559926
27.94855479587659,15.453806837593842,2,particle,4,216.18186117537184,28.410538771832844,15.868459109914054,1.4708100930774424,37.2515745828463,103.22449710849924
105.76448000987108,9.532986674005237,2,break,32,198.01022198843108,105.72494931158307,9.707997123169076,1.2919696119942485,23.36773865927451,-3.397785731557917
125.41332404836676,11.255164016656739,2,particle,32,256.5145899079895,124.60044298398684,11.907827064347092,2.57082651670672,22.35652588999868,-80.16074690596116
58.47036175658309,7.536274672295786,2,none,8,207.3306545703856,58.950345797616585,8.086273516577316,2.434768218942704,45.830577451501966,-63.50080733488868
112.88713685574187,9.388339851827507,2,bridge,32,209.6403438651823,112.4359493508135,10.819016307707605,2.878371570105733,31.288540110347174,-72.66878750595197
26.350638911182664,6.7196122803996055,3,break,32,189.43516427249412,26.36964542347289,6.951975756484332,1.9146294811905367,50.86075657741871,-30.25215406667823
78.36892102774509,5.4732605683847115,2,none,8,219.31147586628333,77.82555926991463,5.784085241013172,1.9811544808130659,49.3200623832366,-18.52580558796629
70.06788317931003,8.959583837576067,2,none,16,262.53903479556686,69.95241077970076,9.247491274468642,1.3925439694659143,28.23933049371503,-99.72756152016784
94.06488602397881,7.757013565884822,3,particle,16,198.6561224319992,94.48755968110784,7.990649866301434,2.165440675764775,31.905367670444093,-13.537922800796878
68.71672284097389,4.827657386520528,2,bridge,16,224.59031925181165,69.26718197109818,5.431658295519447,2.1557486363856473,34.70810004079925,19.657050093687676
141.79102633810567,14.49913140301373,2,none,1,228.37222864760804,142.16766564134934,15.509556887738787,2.192746640841502,18.122126870905323,-100.1942659464168
67.21754785076365,11.952347069363208,3,break,2,206.87037652662997,67.34762698288075,12.519562254147722,2.9853016128768637,21.640885830185365,138.05988516308474
19.215414357074646,12.897970371395644,2,break,16,266.2951438384033,19.8794427810069,13.53910382710216,2.960882249506305,36.12361076770307,-101.86135489483516
93.5044686139043,11.593907597410094,2,bridge,2,245.8886833373212,93.9129919466696,11.768069854476837,2.41581417138687,30.3211983994844,-109.32511974627027
59.709660830617636,6.951853906746603,3,none,16,181.6479834161556,59.61994980103605,7.387194112055344,1.203289486289928,27.259461045508125,-73.11797180839754
57.311128427477534,6.351495135809046,3,particle,8,227.18934519245755,56.48997442478724,6.558699403760849,1.5262261198224565,43.634932838093576,-60.01340647252248
114.32166652036472,8.038035049353073,1,break,32,261.9107292597397,114.37704101563996,9.326850013674548,1.4115824751072985,23.218460587692785,-65.09585934868477
79.19381167116427,9.992609435374582,3,none,1,184.70216597099008,79.87454348927025,10.381550390249414,2.544383660354489,28.532165007980687,-109.08150403358334
101.57225087954862,9.603805591382454,2,particle,1,195.32100443274223,101.61641203938636,9.752555799535534,2.520680142532897,37.06094985293302,37.65456875337878
85.9752519555794,12.389939688656714,2,bridge,16,248.3521901866631,85.34504654972291,12.726361776094322,1.8918762181353328,21.90220165400615,-115.7414238396498
58.27763139013142,6.619017182499379,3,none,2,189.72852835847132,57.99956034450098,6.869366252339816,2.0285619574820153,44.28101513530331,76.37823740330555
51.86524929767063,5.378375935219351,2,none,32,238.77810658813976,50.4241696017532,5.7717528135746985,1.5768472847627417,43.4782456162533,-27.160750114437803
121.9669694297947,14.499238265852597,2,none,1,228.78164115981087,121.25368320653372,14.654855829503957,1.9617472847518926,25.31390415380165,105.48301742401526
38.09553668836446,4.436777320859539,2,none,16,224.73485422791197,37.27356835302075,4.930920283978286,2.984112850425701,25.819875442720736,15.773471427287944
93.60409907035695,7.087344014364229,2,break,8,213.26525970004957,94.52640427087822,7.287159726194359,2.1617373028188953,22.49503250215252,-60.35966554659147
46.83903356705554,7.23574968635364,2,break,8,184.00507958864335,46.1087632405609,7.312121806999225,2.888028425644177,44.056838541620834,-67.37972083146433
30.367894408046084,7.051144973619705,2,bridge,8,253.49567128571263,31.12596311660633,7.470072057481,2.5605627283040064,53.05144294351932,27.115105432551303
28.204322652425322,6.877094691124487,2,bridge,4,263.4483514502033,27.811916082284856,7.080136937459644,2.433250753018555,32.05654471408788,-34.93101513333676
57.68920678036949,4.920364614470433,2,break,16,253.9644558865682,58.17950520970594,5.434374636368459,2.1379706184145246,51.00604002071422,-25.161783077940758
72.90765977549704,6.271271996285353,2,break,2,219.56481123358,72.28823932759896,6.532579486971043,1.224758371351566,45.72179361291864,49.30236964913823
83.90179583094712,6.675123128873206,2,bridge,8,279.9766658026245,84.5170593911188,6.789629476247231,1.9106241383185436,36.82551489617634,25.143683609199968
46.92589796637503,11.8688386725791,2,particle,16,193.34753906241627,47.327421195903966,12.11174069736808,1.3530876584636577,31.21733663806921,-98.7527877498062
58.77618155991831,5.018570664836092,2,none,1,277.2519183307081,59.671141913986446,5.7782666090661365,1.3599954465933273,44.93797855599078,37.85534377910616
123.16933021372192,13.351890255600601,2,bridge,1,223.1670700573272,124.05710372277458,14.39760988829616,2.3223091573039527,22.18917064438393,-118.12844957495749
19.587304213689475,7.720518055411439,3,break,1,192.80337235005408,19.69762025861397,8.055907387701563,2.8522237783751927,48.848573461475326,38.189423057160894
51.041116454659544,4.772977936790799,2,none,16,203.34131127197932,50.59132423944298,4.931276248889546,1.6408551724154066,53.58431314169062,6.586401817750527
24.327813033016053,5.571502442315414,3,bridge,2,196.12370408720432,25.35571873462761,5.862472280918928,1.8210422880046673,40.165569233942094,9.440485413317845
115.269833164268,9.996001973760144,2,particle,16,182.7746981234936,115.61696581625706,11.872270751965573,1.9648424671677154,22.174505407405224,-11.425276682281918
107.04735964476652,7.684919167112994,2,none,1,244.40298115585716,106.0849790964287,8.70772901411118,2.5056550654792655,20.555384388468006,31.48884269330989
108.37707742747875,7.973374008511044,2,none,8,240.0988623840879,108.47563590981392,8.301407031998774,1.2403759757664004,27.378007758405303,-0.8248076219240374
55.67500247517614,5.14226378938793,2,bridge,4,206.0146809312011,56.01220671978701,5.631676369848416,2.784523488689401,33.49949655639912,-54.66297017432366
65.45432778042665,8.755206684425708,2,none,4,275.17455693010515,66.09087154307761,8.878112561600725,1.9165296992068885,45.45989960953356,-74.53564582751609
67.50830368805799,4.300039435543315,3,none,1,200.5252711873814,68.05790179896236,4.628793842447053,2.3875225145098535,23.99323921781362,-47.66434763879187
84.1843474904637,6.031578557335246,1,none,4,260.2858258956506,83.90372082012222,6.196823847269806,1.465011651231856,39.32489031393577,-7.799058106027985
64.78523602320183,8.147748469460549,1,none,8,279.2545512541409,64.78934971897515,8.67803041250449,1.744548288182226,45.18636731485898,75.53164666261031
64.68124731996105,13.20437264871272,1,break,8,266.5540554837604,63.15374944563763,13.875150244132277,2.047781865492548,28.40303911849096,-129.19092245416198
111.04534262611925,8.666764887827956,2,break,4,215.84170936383725,111.88768718244025,8.820942686913133,1.399904568603416,18.372716524799056,-62.375085350831
86.64110277392177,7.758144890543348,3,break,4,195.1867556779696,86.58759467928736,7.912289659804553,2.1513096055727496,37.302431873047695,-36.04235390021259
51.32003553493465,6.243569405327975,2,break,32,271.26007654211264,52.28628759438227,6.284485196810118,2.7350067301241254,34.93379265966034,47.17158130055356
78.25716455232482,5.987281740946295,2,none,32,244.47241017588652,78.03472408869769,6.51973408793958,2.1156199473926733,23.9138515156564,18.105229453394458
40.150282575464125,9.123604663109164,3,bridge,8,205.76709377390284,40.326379511130135,9.321181469824252,1.8156343639633796,23.709603783073185,-113.37963920638448
79.26795808485392,8.802144074735082,2,none,2,272.46350608948217,79.67012590863158,9.958256525787023,2.243595785707967,18.811939310619355,-119.90447384388456
95.34938199469481,11.047300113460746,2,none,2,215.05305890407587,96.3624306372419,11.616050112264272,1.9950803045790626,25.774557530205534,-96.40013459932383
89.8880724948916,8.167427923417021,2,none,4,195.3938169755324,89.49394338078747,8.798065525888052,2.503997736583293,29.86732956383173,-39.68458258067824
69.67840802589572,5.472352982317442,2,particle,32,275.9488511426109,69.84847299269656,6.123913687048585,1.754468484728545,51.76495566396584,-40.94295655598614
68.1841647450901,9.314378732684059,2,none,4,255.1581652500383,68.35206477748324,9.793854425088792,2.2623371625209803,24.92437169621323,78.99129883538996
74.68642282879964,9.156765703973806,2,none,16,231.9796181187428,75.57747446660922,9.39689202565838,2.8934574450024524,30.05060174438249,89.14339593372176
94.44516115747,10.573724437568586,2,none,1,239.75581775877416,94.43073081360056,10.606175076874129,2.769626005664932,18.28394686088086,96.59357685581811
116.11879005472753,13.45055137926914,2,particle,16,190.75877934428811,116.24134178271444,13.757400386590126,1.4676184348683692,21.05017606490697,-105.52234160222407
65.15199004326473,5.132837647692256,2,particle,1,234.88062292961732,65.91534507829098,5.168107557754453,2.834511346798669,40.91275440123596,28.873749990552252
66.21717835861348,6.660885853762371,2,none,4,211.4576648136558,67.18422159200686,7.65602804838503,1.2957967373221748,28.387966690212465,-73.79791492423357
56.53985004083719,4.55918872590888,2,break,2,194.38504607949125,55.76173672491488,4.9272539185141575,1.2145108904981858,42.56917345797764,-23.46210494002196
85.44558316482134,8.933193715174962,2,none,16,222.9074819043273,85.41230747704805,9.431088549319634,2.9821759471709823,26.755061521958933,91.3914497734222
85.0837007685958,5.007602250825012,2,none,8,233.89155765504947,85.40321782292789,5.348633453298702,1.3537150295785614,23.82834963056368,-3.320914495093234
50.97548218352017,6.687427559785491,2,bridge,32,184.756777669365,50.95500958382758,6.958650449542046,2.026928546775035,41.50892173549985,44.23499513969395
38.68807775239662,5.141796719756042,2,none,16,242.9765582131052,37.84598896332085,5.624022139837479,2.4266181665040993,38.987878562032265,-42.48099829623595
77.81687638675534,5.559581167802902,2,particle,16,277.991067331294,78.52450393612361,5.814657258792562,1.4261340568115934,42.69522504217949,-25.465559406379413
69.88318420847592,5.651097783344907,2,break,2,255.69135622116383,70.0758758804609,6.049516114685944,2.1533821868326837,23.042533096529485,-49.81147850951666
73.0772950486665,7.03498894221795,3,none,8,187.4026039127542,73.53559717980764,7.659662524775818,2.1968711228403626,36.0400914663591,38.49533550489463
76.7639798893916,6.836611845678988,2,none,4,279.6681622528889,76.2473418002119,7.408050714158903,2.9704346196039326,42.00742376755791,37.26563258001394
58.75869463491128,11.393433430914515,2,none,32,184.18663939246315,57.63939572961812,11.61888409303821,2.8980461137687974,25.84174643088821,-116.67786627655198
61.96962355476787,9.23838696265308,2,none,4,202.7773241080744,62.44691076574994,9.595113040053732,1.2682363002203607,47.07450459602468,-83.9902749836106
49.94071557502281,5.888602908919585,2,none,1,203.1255642828617,50.33017217908163,6.919051047674842,1.9357676771772088,30.47951838755728,69.81465582018808
55.07842584958373,5.106732963743493,2,none,2,254.74426825905283,53.89801379225506,5.471405544636866,1.8824996371005926,38.163254302934845,-11.55760125103987
47.11635822910455,6.30048692645658,3,none,1,183.85050809824915,47.03283518039739,6.905498328310538,2.9792246569571565,48.67598540233625,34.238155318432035
65.54044391103581,9.95481667469946,2,bridge,32,203.9820248051856,64.58462649850021,10.306075912002992,2.1787585925723993,29.725797959898195,105.42667146395064
30.724940081293898,6.857006555520739,2,none,16,209.13816634716736,30.58554752999956,7.207185829217499,2.526926633017636,54.65633435849898,-59.44407148780668
131.5083732170649,11.44275734539164,1,bridge,8,256.45666385238025,131.24024057062437,14.072197510710923,2.9903507862872063,20.940472218544205,-78.97558689617281
49.292234827364666,13.124297218883846,2,none,16,248.8656895407988,48.41847442379114,13.794688636667232,2.983655427437041,33.0939301175986,-109.9229639304478
73.3205508323432,5.989992239245149,2,none,8,255.70999467192803,74.80019681154882,6.016134933364271,1.5293589437249437,30.977812744102543,-29.411639403081125
48.44283561429583,7.038534543226896,2,break,8,193.3826327782306,48.36029447084962,7.793089281996138,1.334936871737138,28.149809514225097,66.68817039501761
56.61463429405285,7.739331640186232,2,none,4,239.56786246631592,56.922446657489616,8.018859363622624,1.8290401827133258,38.79763830183264,65.68215717118676
64.13994663758922,5.450631740365841,3,bridge,32,196.7727981402154,63.4298634490382,5.951606689291316,2.2089243459659986,37.45136139267843,27.046320946989425
82.00721327074962,6.083131335704198,2,none,2,251.3199761731397,82.96792096448434,6.5890346770203605,1.899364569756568,24.988131418328987,-25.37768542054286
85.91764776579647,9.066891338432947,2,none,32,235.06609688358455,86.55377479895532,9.719501652946724,1.528619969209513,25.866379069906397,76.49085257412719
154.7245430019735,14.32867534890379,1,none,2,254.86813791589407,154.48416872072417,14.881711978532683,1.38466212647944,19.61046681217996,8.035110668938728
101.7424220777062,8.818605963812566,2,none,32,249.0988436789155,101.60060777467687,9.283798981262358,2.3656596685019626,37.95708056181495,-74.81818916538735
88.82086992470992,7.688447049914906,2,break,8,255.80229694722283,89.80053476796908,7.868861017898133,2.523715803069801,25.458977868518627,-41.566906411786846
60.999261874640865,6.025444107278809,2,none,2,268.08669830051383,60.79790038132816,6.206345817011671,1.2585399703493623,33.60709771665228,-36.73690325300976
70.02209133782034,5.188174634897497,2,none,4,188.54907755107163,70.56193214163945,5.242702762814469,1.8802317564287163,22.46577872667158,-36.81489896370786
51.889835342462646,5.384713685460362,2,bridge,8,272.39114728017074,53.67153619751419,5.467312216562155,2.364318804374518,49.45583414082034,25.45475956124392
88.65980465407328,9.372062890134789,2,break,16,217.54609390610372,88.45354482621067,10.236933336674689,2.497037908483721,21.147963582750894,90.19824701709548
51.151214082907074,4.226323902250123,2,none,4,217.46332494777897,51.36099673429477,4.345152352195616,2.129775565940243,25.67007354334462,28.637743841461173
104.06966728464347,9.459869965186401,2,none,2,193.99807030770887,105.82247590228936,9.90648206550453,1.3254553392376844,24.002920218463323,-32.7518091855344
70.84670582707406,6.777576136781947,1,none,16,269.5929450385817,73.26861160319562,7.679292718421981,1.5935159027295107,41.91561580905432,54.72581272384608
91.71691741540322,6.900566139996624,2,bridge,16,205.46201205250367,91.02133132630576,7.060609939935065,2.9919859487669225,20.63308800460007,44.9222677356654
39.91883770767541,4.149192129527089,3,none,4,196.59240777385384,39.66642553685249,4.408226697710592,2.0320538415424436,37.64847533652115,-24.863737022096306
97.79875557463338,14.704375402176904,1,none,2,251.4774259345142,97.18448159887636,15.467081323620842,2.7236169264996404,21.249619274575696,135.6298883916648
87.25853409746526,6.806499928780168,2,none,16,181.29349494005797,86.96204837273412,7.019306896365625,1.8131827244894376,22.710237615428007,-36.77806548603863
40.141390640191815,6.224912120312265,2,particle,1,193.262207727262,40.96505025819312,6.989584226224281,2.7895137569233857,42.78381275158768,-46.07348221995497
73.1917946897513,11.417450261773531,2,bridge,8,266.45334569303463,73.18390762077814,11.70307052775337,2.2671279665398774,29.34345509760278,102.26672523720408
99.40806932052323,7.178411300935905,1,none,1,262.58602060001965,99.4539929262518,7.388001490272093,2.0778820105994265,25.53565245466299,-40.41289029067392
60.82822797440074,4.45855121387756,2,none,2,222.75766115893663,60.24873596256983,4.635082592254116,2.0016256971610566,37.264955772128445,21.66586646079108
89.52347461914205,8.752342237037482,1,break,1,271.7369986167843,88.72242925460206,9.341466812710868,2.834863313365042,25.265225870358,91.08811917209044
71.27832872793306,12.557388385214082,2,none,8,191.8114092756865,72.07840180430858,14.699242450742462,2.9196850933670047,20.725305803766226,119.65983072610815
141.5763889132421,14.97130841380896,1,none,32,244.2091908091417,141.91345208161042,15.657583229033463,2.3388497700341135,19.176351685620418,100.94784117034362
113.08123442617769,10.1097631638866,2,none,2,184.8787558185421,113.43915505937944,10.271934979625374,2.8738783142299313,25.079355266795893,-24.795255462660577
84.63477731610932,11.051455127690048,1,particle,32,236.38445142303024,84.57744797383877,11.556095560892333,1.2260361198654335,35.60764787082692,-92.62686892462348
77.87118802164973,6.468010885929596,3,none,32,181.935543198699,76.72152619848575,6.511831598775912,2.785417620528499,22.34088598607869,-29.274297514515183
28.214744756953802,6.020071693516918,3,none,4,186.05233159111944,27.288042516647398,6.209833489198371,1.4253835577612364,41.36994792241124,-21.77018373888791
64.68079295875827,6.475700130887171,1,break,2,279.6210165792304,64.81300844424544,6.822187275793356,1.2860660860964361,49.56975608390398,-43.34738399064261
76.83211240252157,8.592565992059424,2,none,32,257.1613827792142,75.93260882532446,8.62802845181906,1.3968378809701794,40.56249909356181,-88.53724296080776
50.87714774423597,6.280342786997876,2,bridge,8,204.52374189470405,50.75793802246569,6.711328954199152,2.767626337731293,30.989703616822855,57.726191518242416
73.02963139573508,5.824186851141446,2,particle,16,221.4108610737256,72.43163996124903,6.408864353952454,1.8485239282580377,32.35531021178457,58.787294204119775
106.86636220026924,7.308745413063512,1,break,4,273.22678531470723,105.82654916661068,7.451900588283694,2.9748291689060227,18.979316241206565,22.272484027678843
101.05858085522641,14.074174481708383,1,particle,8,249.14460278719469,99.66295659027487,15.134336627043016,2.1065985628612625,37.47742620420718,-129.78874325290622
81.6797562354464,6.770087958034141,3,particle,8,191.55428638046504,82.292249790864,7.26723171271067,2.5107370042072503,30.212578107281708,41.034688187707815
86.92098016808313,8.637095738883867,2,particle,4,186.9512291261176,87.5187435696206,8.776908981283793,2.0409107729410843,31.478940349499887,51.53239583397547
47.73331526050487,5.500976216071852,3,particle,2,188.97903363562955,48.27809547703241,5.813478561653006,1.8096182290817435,50.19913307542819,-20.425999512614368
68.43122410789286,5.367636917108346,3,none,4,199.16151267653905,67.88364139721632,5.498783583485246,1.6089436824278802,35.79939075331042,39.98460240089469
104.0764385563474,7.314309533518799,1,none,1,232.50303360907589,102.19185898829213,7.855606017607704,2.017513375317601,27.52724306064724,-52.14840264867343
66.27819795965858,8.66477039735169,2,bridge,8,265.3735673796091,65.42335954818311,8.905154801593309,2.386037531525462,49.14518217817273,-88.06955724121332
133.56119443629828,10.735330125533217,1,bridge,32,276.43822631844125,131.86327968046618,11.138841347098868,1.412330325947083,19.06612305977043,58.17684567457968
99.96141383204876,10.75107833727834,2,none,4,198.2970382760336,99.82639102091449,11.581153690775142,1.4750849737242695,33.946429963984045,63.79971886771665
24.499441769806342,8.556096302656728,2,none,1,276.65177768309576,23.641463389691683,9.232911556729752,1.8210564244208398,45.92424947985484,35.6790225034994
52.25058074808729,4.794125624735129,2,bridge,4,258.4708016338301,53.07703933906015,5.034237792322019,2.0520231186204403,37.24632984982558,-54.72916859429169
30.70062389126184,8.77231795528329,2,bridge,8,208.8737418337168,31.31431661311072,8.902728645445663,1.6725228569274446,29.5858562881158,-83.02373005814411
70.66145778718436,9.001360746679758,2,bridge,2,198.7942442638886,70.40692763183108,10.441691429572948,2.0951575059073875,39.389524126356974,-95.71951495707977
72.87026755498401,5.9285803435796725,2,break,2,238.0104318422206,72.86126653306842,6.097642320116278,2.537814513104908,27.96015260369564,42.03863465437604
36.296399286291006,9.982984137135297,2,bridge,2,265.5766749027388,35.96178853355561,10.305506811976985,2.277778706273144,36.81545221954232,-72.261996303388
82.74820937815747,6.670661882326921,2,bridge,32,264.7464863277306,81.6588791129139,6.9648702886437945,2.4605632761108738,28.860107652440952,-60.07019154770988
74.31748072046702,8.256538203394907,2,bridge,4,245.03729689651576,73.86221654755605,8.602305981346438,2.9057244559126154,35.616148215016096,-91.6349004911933
79.26898794364239,5.29976663162362,2,none,4,244.70398361883244,78.64175867156449,5.47829926815798,2.82512061102223,26.6467040484776,-24.69817661114547
57.30137602359724,5.77959296000798,2,break,16,243.23310891996917,57.97328018534355,5.860379062673155,2.9747991364216726,32.41893796473119,-35.56607874839369
95.01492029278472,12.31565838573219,2,particle,1,181.46789891216056,96.9159170253854,12.581508162240777,2.97111769813334,30.845370728681463,97.24733376574449
39.26335674075767,5.248850143904097,2,none,32,241.43306408831828,39.46994939803739,5.575220766320803,2.8367447503144803,46.18520441574694,-19.1177976238927
104.7185766854078,8.993358247688741,3,bridge,4,189.62623898148289,105.13873905647368,9.462610388319773,1.4597948302457604,18.92853364922164,16.422542753974994
87.61093245323367,7.571478834028186,2,none,16,257.77756339259486,87.67376455423128,7.640900688908826,1.5281298272868908,24.74806206076121,-53.31362901003948
67.54989189934285,6.968096670569645,2,none,16,241.83068881517303,67.31287205486574,7.562186505322976,2.737134997710055,20.82933746250162,90.3532818245115
57.46612441722363,6.0220308180625395,3,particle,16,222.3854866041653,57.62928624624714,6.428545854409301,2.0934494853282777,40.40746536333765,-55.43867444948724
92.72292449471594,6.094871480009395,2,bridge,1,229.17420072058007,91.7262010325308,6.313205551936818,2.7163862464442152,22.4711315032044,-25.801606494614703
79.45361650100432,5.085773320007396,2,break,1,258.9074138035781,79.79922295834031,6.01907368706963,2.178535926151682,27.448736153836933,37.81498435673433
93.45548739701904,8.50513446624769,3,break,8,188.8031898186667,93.31789863999578,8.82628106022721,1.4840930464470752,26.62568240814602,3.059630402313246
88.80981117447728,6.696920095502669,2,bridge,4,192.4148868688617,88.0164602517595,7.287206030506307,1.718548574582494,39.34490144094916,35.42029260021056
52.2344896848314,13.491400589765853,2,none,8,257.2902924870463,52.41169445643953,14.235417786600037,1.8809907384457676,31.42955557917452,-119.38221644115104
40.03776796537386,11.17673476736081,2,bridge,1,229.26210682569223,40.07340565966949,11.510193062523893,2.0107780309666565,30.64647514517018,88.68243958442196
62.450426614262675,5.493988323229811,2,break,32,215.57368159121816,61.72240599665587,5.950267764486588,2.157834323602707,38.29816560577225,-52.62809523888191
67.35159689308313,5.402543998518997,2,bridge,32,214.8406421889482,67.94283286241074,6.103685821411688,2.306338925398524,30.754128866829376,34.89505463260727
84.84215263179644,11.618117171556921,2,bridge,2,183.57804371070569,84.38328060917392,11.90245264840357,1.3582243905734661,37.77768896951035,83.96703093328341
59.29950468990444,5.497933601783345,2,none,16,254.7042785517632,58.72740287281551,5.5335815456105655,2.126667089964327,39.139255145826525,-7.130029969691634
137.4524294333125,14.518456744172873,2,bridge,8,196.9943885747432,138.08898385824702,14.74768222856098,1.7475757878842797,19.783748471445417,-17.587620999357142
26.551939134019122,6.370707747757139,2,particle,1,256.4298684426263,26.096594653860137,6.4292665437379055,1.2966276102746341,54.89126461639612,-7.619819613689344
22.950153058594623,11.385533206549715,2,none,4,224.664480828683,23.90111678657987,11.515925910077897,2.1184022559338196,43.98892674504016,60.18992527081275
80.50854747644235,6.5391465299459455,1,break,2,241.58054910438253,79.07093774306176,6.764286281180778,2.299473197423292,31.8920185364129,50.49767863938004
72.66050114817868,5.280389861867523,3,none,16,226.4830724262399,72.06464177251245,5.548787796218893,2.446405516042959,25.87887763595685,-54.12745768293206
65.38422827979187,8.151638629512231,2,none,8,232.8410437186789,64.95629629371945,8.753148105190654,1.4113675364299823,48.713242742121466,-90.30149724487497
19.668317520013545,7.0700813988609195,2,particle,4,224.4913956649337,19.80104425130672,7.200449328245743,2.083022997622242,49.0951091109239,-22.489298415896428
43.18737623374054,3.8595063318493095,2,bridge,4,212.9567314962377,42.97041096412955,4.376662650724947,2.582082798208665,32.17972568576339,-46.416800514707234
46.15737858668311,6.79794932706481,2,bridge,16,233.63117109223927,45.99119725410533,7.016464177827,2.573092984921251,38.94594717288733,-67.55476091521291
73.38527018381487,12.617168463198766,2,none,32,183.2424336839776,74.0333474283774,12.907864555632786,1.7813393906863668,27.659931110669177,129.93527217096357
20.753495303340813,8.001283295834003,2,bridge,1,268.7765338511421,21.31858031621008,8.672824784162167,1.5744852757886736,35.77786695776193,53.43655617407498
105.09496490945564,8.215715400901153,2,none,4,223.3217216112916,105.25777697683225,8.35321505574383,2.055599542084242,30.68747349366596,6.055897370921315
95.15643971145796,11.117491047576763,2,break,16,217.9306983230738,94.3269922622523,11.289364895178766,2.315269536135001,20.43155828027855,86.7286914203433
93.08449069510168,8.595222023935174,2,particle,4,198.2545592043387,93.97076468585654,9.52203484250925,1.7167009234123296,27.090258777857663,48.33988167545098
110.8129462575112,10.33064143276845,2,bridge,8,185.49893957685407,110.31808056450524,10.72391339626788,2.720535105798921,23.36057496219369,-72.17410441210905
67.75596227013943,6.569845856504841,1,particle,32,264.1503572153724,66.81053163886159,6.707071555691203,1.538298658375374,32.71314727352263,-40.87023278036759
89.17605698352537,7.282286860702795,2,particle,8,251.976281596771,89.34208440054248,7.530896705328002,2.5293523939311195,34.770489578180545,24.876743774811477
112.95287572896825,7.132458839796039,1,break,2,267.1395754097173,113.9738153338076,7.164866217727455,2.8124075173262746,18.08697015318277,8.29929370675552
74.41072287411544,6.086405759796585,3,particle,1,195.49878493568585,74.69238848200564,6.256385892995732,2.973638962922586,39.61278072481261,-0.6952647317654908
44.992782814496024,11.324945622343966,2,none,8,236.53999268120293,43.799836789976,12.18489867496749,1.7549861310809804,48.41310247131251,-90.99426456286082
55.81940648771635,5.166494925655512,2,break,2,203.9701442758549,56.28794726863531,5.69955767150695,1.7319952765272673,25.364931107912355,-73.40217320973522
114.47919635615612,9.332940812485868,2,none,16,211.8453126231786,114.19892893794028,9.805571617029342,1.240063424115296,21.72186082564686,59.01430414239479
46.89509790198426,8.621489112878432,2,none,2,248.4549142422185,47.554392675650426,8.993544404259401,2.148917145937487,32.16557794933259,-88.58198888883564
52.44739342050038,3.4576654080027076,2,bridge,16,226.375737541866,51.73953749991927,3.572066659205354,1.358233236082344,26.74727306639457,21.56996453960835
86.59677384638668,11.16931374084848,1,bridge,16,273.94793821591094,86.28737138973814,11.664924228276508,2.479379596304233,27.870431743661914,-103.99600561130096
17.47090207287465,9.780075657186064,2,break,4,244.9449093461216,18.16506917625733,10.160492190907846,2.2288468383154907,45.901380717505006,16.76485357817566
110.60554659346832,8.360615327514473,2,bridge,32,247.4825380516775,110.25398834287184,8.487475577752583,2.026318833432054,18.97216019086624,20.222596427486422
67.42066331926071,5.719001243939415,2,particle,4,207.08938874664267,66.81456842805264,6.241628437023267,2.757942789087552,41.25635793879748,25.680742119372752
72.93180952949983,5.024332856094155,1,none,4,272.6041708369564,73.46431607068459,5.208014944034168,1.5365304464486074,26.904560712362446,-7.035797175023731
40.044032803599436,12.98491259018835,2,particle,32,254.38483809982552,40.44110928224234,13.647668972549036,2.7104592047766918,23.451006154498103,93.41291396172652
73.21520892901518,5.208900764596846,2,particle,1,198.7178704995284,72.80343629318487,5.361390226195878,1.5357165948343785,29.98851694910005,-13.063501492328925
26.974193274315564,7.2671084317851715,2,none,1,230.46993597020543,27.35574357045542,7.324890042864331,2.048280189807126,29.178914546000662,26.642289201304266
88.21452595001595,10.032624060841115,2,none,8,197.02057916408995,89.1141911028278,10.474213608112066,2.2128043523591683,28.88454138153249,87.44140637959322
48.97516432125528,4.621030395910584,2,break,32,261.9544369798468,49.615411279811255,5.061631795087183,1.9076921093742758,28.266114065749957,19.085186656677195
101.5181061602597,11.577237802742378,2,none,4,221.82289715663796,101.52540400196987,11.918337017286468,2.784311000273042,26.759289111401326,91.47556240637437
54.769329153745076,8.06910932495543,2,break,4,227.04743558402637,53.70670960427341,8.33160590567576,1.257436163206134,38.850828823245806,-93.59479534727456
57.96724052478617,12.590596178386914,2,none,32,215.7171468136871,57.98028774420691,13.148087354610054,1.777348420314862,51.72854485138985,-108.03273637368328
73.14011903149206,5.1672153700622285,2,bridge,16,248.21761318978417,73.51009437572746,5.29327521182231,2.902831971127416,28.2264419433293,19.37660595087212
78.9661263569188,5.205241174722042,2,none,2,273.49842780520373,78.88695201268422,5.314756219826286,2.9936956761393425,19.839544421942072,22.59123234575196
79.31933139702582,10.191522080949063,3,none,4,212.39336166505572,80.270399648633,11.220566705203346,1.6369277407035168,25.92956460982293,115.92700083740316
92.20427043801845,7.519834416704658,3,none,2,204.16362827494572,93.0518871479368,7.799322369122288,2.696582344804941,19.873878027639904,29.779967524773184
60.996500247329244,3.5537827529236647,2,particle,2,273.37318523441235,61.00483069229598,3.965950797551684,1.643406896143322,27.85552174547732,-19.14539303350668
44.192369590909806,7.2914531570911505,2,break,16,244.83882552831275,44.01016010730184,7.460526537778579,1.7661481242212076,35.15641584458878,49.96288936055237
30.947283980756254,6.101263764345754,2,none,1,228.60931976572888,31.17651469795681,6.515529423182112,2.6677914252216715,33.243077900213294,52.00831423260132
70.42059673708073,7.589092032215648,3,none,8,189.9563511765004,70.23818398440159,8.037400384231354,2.27045054694588,29.02590503502193,72.88246845632958
57.108027359188554,5.336836349520137,3,none,2,184.1737195726633,56.85532931969499,5.698284941452712,2.555386148216394,39.6967212908219,31.85421853172801
65.99173387509359,4.614508244043691,2,bridge,4,223.79690200640496,67.111330900379,4.8957462507742,1.594922424719513,19.52909291075333,36.08549629236177
38.16062772594066,7.132964068376621,2,none,2,255.8545775282116,37.78915227791391,7.33164903459371,1.3433385949824248,51.442968184588935,-60.180166311038064
100.06679977097734,9.635310512002,2,bridge,8,200.50900730388256,99.34656134415988,9.687871703563989,2.608145632494302,28.20955741261848,54.16144963892612
106.40024112003853,9.081959466312808,2,none,16,236.48631751335375,106.7397515413844,9.82666080359777,2.2797231434938494,33.62713230390146,-62.84118483896657
67.56680246737665,11.904871568010536,2,none,2,271.29055982531327,67.56476360708827,12.245014730907997,1.7797200526185224,40.331323994139375,-122.52546763563916
119.05224715075963,13.172014905432162,2,break,16,202.32394530525207,119.6058273114072,13.84793900198476,2.764193634862709,21.38240674069918,-93.92087969971664
107.3302998363801,8.472579626872124,2,bridge,16,200.0755782767938,106.81241624132812,9.300429612021372,1.6977393045695832,20.002239033597405,-35.88613098785643
69.50600976922948,6.909367321536703,3,none,8,202.41710669152727,70.3317819295803,7.077698317020812,1.6937718061960745,30.385940642193564,48.769566397451456
49.06111787331872,5.598819695520108,2,bridge,32,255.38711729228172,49.17309654717048,5.809578529157099,2.4539062206988014,31.37590519756465,-72.03269201476179
104.2420383112804,12.311537618709337,2,particle,8,194.19562589593596,104.4042760448913,12.36993543714222,1.2910796407901444,18.014521243018223,-74.91817210839112
106.5753636928463,9.81533982083128,2,none,32,210.4112506102044,105.92588771091144,9.987307456538517,2.3389871785085488,22.346356538039228,68.64805068936295
40.55574692026727,7.14809780921485,3,break,8,193.0112909585248,38.96372745177742,7.442185701734638,2.3144637708690503,47.63691547864259,58.02751629186068
91.26608177767609,9.087738456037734,2,break,4,200.41711326625548,91.52343451411096,10.412586671328915,2.2923543975801173,18.096210038308588,97.91429816926188
94.48491133305099,8.492307159778736,2,particle,4,237.45660991361095,94.90887924735068,8.577752191626663,2.474510286446222,23.48228284751656,-39.56499312366336
97.55400837853108,8.478032480009851,2,particle,32,213.1530196720016,97.51998932528606,8.720328908531432,2.1256117341951137,27.436303350084916,-58.3316445096762
128.30868997681523,10.232793801114195,1,bridge,16,253.2755569372946,128.29575334894704,10.322265202568524,1.3842642112063084,22.92440708560682,-55.533240803097016
96.9006634153399,6.35447008193543,2,break,32,257.70023262948325,97.77321390270494,6.851486146404604,1.661489045978929,24.089117624317225,15.84322095335108
51.23855257635126,5.8669359355491455,3,break,32,186.5001174566817,51.9352419005197,6.077876442182964,2.2359201876048997,32.73182591242535,8.470768992384109
88.27307558372344,7.584892575115322,2,particle,4,224.52050355912613,87.68926065388429,7.963751560658229,2.956450683592915,28.68317135430405,51.36379040907119
70.9926094927171,6.215881883030808,2,none,8,261.22529616995814,70.7837943207204,6.336939769571121,2.93029181347177,53.50256582384311,12.595186885850495
43.23507383046885,12.646586095947995,2,none,16,271.0910432728516,42.39574256380392,13.170084523263732,2.432211015965363,28.80707251610969,97.71096909328612
33.94246786903469,6.008953374653302,2,bridge,32,261.85200377569595,34.18554849938609,6.176201061504432,1.7953504937675273,49.91148467377903,9.270234892599431
69.86206619944664,5.934041853742093,2,break,1,209.7532591921668,70.47850951015457,6.378355684290189,2.6640029437881934,32.45556292545205,-52.56977648647114
71.57934641121346,5.415826229702783,1,break,4,272.15188520845714,71.95227162107186,5.868316970709236,2.038670234776991,26.42846477202685,-44.06924248048051
91.85256214469841,12.533775393537223,1,none,8,277.1190743505388,92.14208516532771,13.247257619246806,2.268619600216457,22.48266867331505,99.76579162690666
38.46804948888018,3.5843127964879997,2,particle,32,239.18842575763665,37.657488990055896,3.8482442009186633,2.396073626440155,29.153127904024416,-31.80317965691293
49.031114950903316,4.669627519477242,2,break,1,218.42251653846628,49.29124660421384,5.101988826183894,2.7437789325552955,43.97403020570951,-18.256593601418476
64.4003959101389,5.882429960810764,2,particle,32,248.16931548354268,63.053489685747856,6.69392431025712,2.2367798371476395,25.07277307107884,81.59394681476329
86.36281678358056,6.522346517271187,3,none,32,184.6366565697994,85.98513429648995,7.182553689126132,1.470483107645385,23.301730803616035,16.216200272801416
44.39615790385926,5.559602211066953,3,none,16,191.6767215651479,43.13973775167103,5.694468336366829,2.795779273113414,38.1692932871933,-46.94004691988596
120.70890987030695,11.142945489143685,2,none,2,192.85875502829828,120.3828293515764,11.393437625674345,1.8048556771732307,22.089040274002414,50.9686738262038
36.22684985717998,7.945007312762211,3,none,32,183.9258493068964,36.67504921894212,8.487514290639325,2.6282471265383283,41.18458808526508,56.39221405953202
19.155410881208468,8.5655616359074,2,break,16,235.65399074381764,18.124977092440965,8.853017423780065,1.92195350449067,33.15586574293488,-68.20168301376006
113.9957117225648,8.27059229092711,2,bridge,16,254.51972683583767,114.31627164574078,8.67898667356652,1.359231571206302,28.45929119097033,-10.751964376814556
25.59999420140798,7.202443991551709,3,none,2,240.5082507042332,24.673500248729365,7.60336083697441,1.4491965124550632,39.979424279406,43.04654143324498
51.968929539192445,4.536398919480652,3,none,8,206.70545332465508,51.72265338978958,4.666488184611496,2.072899208383612,53.81593976500283,-11.584214563057545
43.483513039943375,7.5257994918161755,2,break,8,259.40066922101823,43.610676606574266,7.804354586066539,2.925983907058431,43.945915766254274,45.96971437055922
64.73546938738384,9.548455882177409,2,none,4,227.66247751011207,65.00409561920337,9.790767210069635,2.846204710104588,19.936746435000885,108.3323903177182
64.88981117735048,4.877187818683009,2,bridge,1,234.3879060130543,64.5793994204438,4.969845053563678,1.5778804238910906,42.018130426453375,9.367019839361175
41.281199364420445,4.484025623031142,2,none,32,200.66603812806957,40.82209673125279,5.171184403472501,2.415058134098526,54.51993368063294,11.716619576663902
36.16936560231943,9.727727337779378,3,none,16,214.9250961437008,36.71235826092116,9.887104784740366,2.6368781178446206,36.44765257245159,77.57761564253161
70.31152715558531,8.29383765649104,2,none,8,220.85837390347208,69.79497601720816,8.587553585975455,1.2623946615311195,27.614989985707776,-77.17051503817959
46.23732759772096,5.212979562003721,2,none,32,268.7358634918111,46.69052788407582,5.296504303697242,2.7499349961169823,46.91072782834619,-17.485345738528707
96.1445906494035,14.70869277269879,2,none,2,207.25575771475792,94.81046658383276,15.12123269552904,2.4669652001329583,18.48151078912465,121.14817587426712
114.84154063687835,11.502159122569411,2,none,2,191.229752836532,115.7460623967796,11.956046356823778,2.8268794999263047,26.309981613389105,1.6152108954307778
76.66776556423406,5.911456233404919,2,bridge,16,205.88172114789737,77.09521918302167,6.039457196993356,2.3032215359876016,32.04465598404236,-19.29315992040304
87.44038192882181,5.689210561814178,1,none,32,245.35339521719044,87.69600537851451,7.173138142206726,2.797817127176555,30.02386842874812,13.241343165672616
124.66518022052317,13.124740961830435,2,particle,8,219.26887406377747,124.14545780626972,13.63462594522214,2.836140184840993,25.349812759720223,-83.9419123616527
46.880655805668255,5.875622867905957,2,none,8,236.16037694097255,45.441636330732855,6.362594392705201,2.1683924710239313,49.343334977212976,-31.4753796862241
105.9378253762016,7.341027295897329,2,bridge,4,264.29456907447764,106.10866343229404,8.112825102610985,2.3361198014506552,34.78671444988403,-7.77033750207562
52.63880787868064,5.617044608986296,2,bridge,2,208.29481584036944,53.13481043237115,5.861868081040899,2.133861499135551,33.29523056482853,60.05927406444192
74.28264522294918,6.17614043064863,2,particle,2,218.9344470202847,75.02833382202012,6.527538600776231,2.1109262522599126,34.208036492965206,20.104628836239897
95.22108612115301,11.028489009070341,2,bridge,1,269.08705252847915,95.15333859498962,11.354835551800024,2.712269773879274,26.331632983640752,89.8581613920498
52.87404141470797,5.579276419333524,3,break,1,227.59818620762456,52.06438206423941,5.84859036306665,2.9559351499008986,40.00124093578776,31.55285402317776
38.45614610835447,11.192080049809846,3,particle,16,184.7661492859948,38.92940350100034,12.456273054883962,1.5781001415084468,26.369886001148394,116.75041558459372
49.332452201551035,11.520766276285716,3,none,1,189.46919440655768,49.9027485707854,11.874583151884467,2.705583123169756,40.98047628619134,90.82876881503203
89.59370371458711,8.236217029337869,2,break,32,235.5180236252096,90.1817274539366,8.33257962274574,1.849709215079853,29.13945785154418,-66.31824817067618
54.5381623453379,5.991235950468239,3,bridge,8,194.7368343910131,54.34693845632908,6.520251433525051,2.6410017886703003,20.87686888785139,-98.22391155649026
34.760123181734656,6.526420243889627,2,none,1,228.4064256598573,35.41768467177343,6.760384560309085,2.4758886747436315,47.886767006485286,-61.43018898266071
49.4726280884739,4.386648702929464,2,bridge,8,205.04459353785293,49.065675447610616,4.71668631668306,1.2469731285453256,38.91040258921191,-20.48888250814059
40.59516690364378,7.5156523519698695,2,none,16,247.19596072826067,40.47902745939454,8.159692183379637,1.582480381260808,24.287778816093063,-77.27429531657187
119.15049344336018,9.606108562980118,2,break,16,208.4807976371369,118.32971790177184,10.13911907475114,2.7198100580330866,19.98560470917685,42.82420289128487
51.843522333029256,7.098951907181938,2,break,4,240.85069806004503,52.05233916575521,7.579951144821106,1.305026676308169,37.207531761711664,-66.01875274125705
51.28640655207741,4.9765520292990395,2,particle,2,262.9612574668115,50.45557800931843,5.054207491570366,2.293518698826511,23.03564080186497,40.98953276878311
54.74632238334425,7.835708955547549,3,particle,4,206.6746345030659,53.58782486081441,8.476321166055955,1.6010015489813905,37.7137439931038,85.45773993013023
80.42674819195946,8.930700354755015,2,break,2,186.5346605311582,80.62624136322593,9.408000829976237,2.0384696955036175,31.361462930117,82.64609331151735
107.99542229691559,8.340772505538379,2,particle,16,198.3662983906042,108.09720713025634,9.420358312675525,2.120995774641313,25.46422927332605,-40.51909783044951
113.31398342760531,11.351964471224125,2,none,2,184.08009240282615,113.35492896170256,11.533877685255158,1.4501002240471923,19.95257033086084,77.80911842970204
83.33198291973429,5.459467222675574,2,break,32,263.384751350015,84.06360454112117,5.723154169753052,2.916745332222603,22.334300168068506,-5.6939538652940485
98.84905527050199,8.17744925190323,2,particle,8,244.28597155703025,99.66237149620449,8.695984589012397,1.9508790011427775,30.53634255607711,-41.256027576692105
47.45956953432852,5.038621580649765,2,particle,32,260.43451702888285,47.54771915815271,5.167453549338503,2.789833666256336,24.619853653801687,-4.8069001473787125
49.17430380373153,7.086138714541728,2,bridge,16,230.60285434048652,50.00255782802022,7.413711210000728,2.693445632969799,26.64879453251907,-89.44926004317554
75.68893959768353,4.860150205688749,3,bridge,1,202.9140239038191,75.73654982781107,4.962363155198871,2.610507602062115,23.184275625410056,28.143443170145503
38.21377613789671,8.333732295116942,2,particle,1,264.6223639759117,38.05487245979057,8.799177252944869,2.008638322460835,41.45499446017948,59.9673754319584
92.95156472752467,14.159229665474125,1,none,32,235.72088087007015,92.67135101259592,14.2260118438013,2.082273565855072,32.711984402487445,115.44634680042408
118.19532557982605,9.439654708403369,2,break,32,258.1588540760438,117.17411675529846,9.705539411965187,2.0125830066889008,27.39414284753604,19.89778480290289
93.54978900728305,9.810575257163972,2,none,1,242.91677433422788,93.16723418613654,10.76596356918092,2.9330205053878835,21.571695876651905,-105.5744250503179
64.81015534089514,5.384419670979658,2,break,8,198.55569452029167,65.00191346191696,5.704748107314321,1.9969877998021786,41.11855468960208,-14.354035764998883
95.81523502502318,7.313812037887405,2,bridge,16,227.7944297781699,94.87103389779624,8.040168897803245,2.1354028421650826,32.83919298221216,-57.104732657855024
142.48086254513572,14.185981474572756,2,particle,16,265.8548986990928,142.84708185694694,15.326556587551991,1.5578802326647883,19.96757934137629,-91.4465879178384
37.519428337336706,9.912411011691772,2,none,2,265.1017782927473,37.17829607204006,11.457956828483278,2.857797697955605,31.57188640669185,55.763296272113166
30.22882676574156,7.725700367726109,2,none,16,247.18152002009836,30.58848991144424,7.822660195026567,2.2403245396367,44.69364150665322,-50.99880710555962
116.41756316516887,11.232566146338337,2,none,4,198.2171062337284,116.58783914921706,12.598881673464865,1.6200084111420607,21.257656823887352,-49.65051795013912
62.04042229159256,3.7341752978243314,2,bridge,32,272.6574549267594,62.69682087882368,3.916578760323013,2.3143899634266334,20.240963600768985,19.766814433770065
45.89206344837578,8.651640177217637,1,none,4,268.63232705447587,47.568862926002446,9.19331050057846,2.3957062883331495,27.110304144723678,70.97046825495349
102.75180529142517,12.336240571137122,2,none,16,214.02167252113463,102.1465055106573,13.665949883925126,2.660396956319917,21.880293058432,-121.23289052289866
65.10772953384746,4.6513284797384395,2,particle,4,197.92921547123345,64.6287864822602,4.9196716824984685,2.8730707620453453,31.859722960091247,36.25507860342884
104.97237392967592,8.832606456179477,2,none,4,201.28486724952373,103.93363891777511,9.207615096267226,1.4248395376730523,31.552879526917884,-22.454336994695492
68.2874323155526,7.435022913212025,3,break,8,180.15285045120996,67.82198889706311,7.654324033560812,1.545426264519075,24.202514481064053,67.60637582938003
43.746066570024354,4.772209221410569,3,none,16,203.88270994492328,43.64999137247948,5.101111738219352,1.4291156510817096,40.28656182600935,-30.797905425966437
32.96984345165893,6.153138337399861,2,none,8,248.37164709202384,33.407404396612804,6.281425370874087,1.5440486676572536,42.283676542441945,30.32313694950668
137.52882231715355,11.747737773004687,2,none,32,241.78117581906375,138.41153010002148,11.934503583995806,1.331834776951978,27.604755045240463,11.889790147937958
85.49369337515334,10.514388371875135,3,none,1,189.2086157196852,84.52792278386916,11.520079059804306,1.8072068107467263,39.284894255980845,84.27387839668552
21.55098078285988,7.935389400719956,2,bridge,16,248.98151422110695,21.82781581338457,9.59039446348518,2.6085895792788705,36.84813066447204,42.56094739671744
40.543424344999636,6.775307995967193,3,particle,16,188.66107563246356,40.281850591703794,7.072440270182249,2.3662245203356465,36.230773043117736,-51.502685622473
51.70958712423493,4.926010780105125,2,none,32,219.86961708977208,51.63678663870743,5.008033648186857,2.1515991118827547,49.796137467750654,-10.919551205534134
41.38074997542918,6.231125894432591,2,break,4,259.9959535719612,41.52153616721397,6.591509779516778,2.93662419204652,52.702581523448615,2.3480842438351885
119.64075541760263,7.329230374891928,2,none,16,234.4719277602095,120.89068687085243,7.646660303568756,2.4027644696183774,18.31236195295037,-28.26805560753246
108.06828436017571,10.518087062526476,2,bridge,16,256.267222301885,107.66261750921724,11.041945956566126,1.2641029173050513,34.65876923561201,-92.72357112578467
49.83759857580861,7.100958476806678,2,bridge,2,182.78002006311056,50.34657453154331,7.671677281575602,1.2309639398617493,27.83475465836041,86.68575432165375
107.87305505723039,9.879241541605571,2,particle,32,268.87144340925846,107.518714535792,10.403314797092504,2.2488094493822404,27.489305537181007,44.03318499131109
68.35576734533083,7.117630933830531,3,break,2,195.16019820559657,68.68211778245258,7.491240402362854,1.3765881564960638,40.01808330988871,69.50254654880615
76.13230145237122,7.887733410519101,2,break,32,263.9050619726718,75.45535902362195,8.066099678598691,1.7635932617083472,19.90939970284063,79.62898523053428
98.04623712986476,8.50962587055521,2,particle,16,271.388562069787,97.9890329157429,8.589448522982952,2.935266350323589,23.31731501462143,34.84606570825687
17.99330789111076,6.629205083729832,2,none,4,231.1268416620885,18.45432191232762,6.8235677400241,1.4924227878358358,36.41632505466302,8.391040576638716
64.60293035536526,15.361744615370377,2,break,2,237.67416696595237,64.63473704156115,15.818194583614416,2.465240711717109,39.00542673457021,110.8431946918223
28.992789008487097,5.43562047159998,3,bridge,2,194.9474025406109,28.63625746777483,5.629997097557536,1.3896198228695336,26.057594075612528,3.414708303235414
78.80768242115573,4.715577730241604,1,bridge,16,244.85270517742583,79.44125529818369,4.916948570434475,2.2853003504003735,24.917978325217103,-41.4140142805972
79.43851867029547,5.3469868754813215,2,none,32,240.36994468909472,80.67354687909906,5.613803557962929,2.1279945295884084,25.391347822422183,40.92247275430395
33.00630432308728,6.196004047243539,2,none,1,189.51580055989984,32.189814367026386,6.916330908046335,2.2795560087119555,31.459364918328887,54.97853305616326
93.26889885203616,7.7810965455474435,1,bridge,2,261.4854910576553,93.38808961329478,9.44950923413987,1.4982679506367353,28.32044238424603,71.54233881764085
30.31194972004093,5.303631623266675,2,break,16,254.96100181300665,31.058495490585077,5.453371803216397,2.103082656654358,33.646323664141505,-26.581580364773828
35.03550732360384,5.678927140237363,1,none,2,277.27641407021525,33.25371715493084,6.19136263896252,1.6660880504092517,52.06163690655862,-12.552534971493884
70.8365858069146,5.4048236558936384,2,particle,8,207.7046462723791,71.64990127597912,5.482127727147848,2.7292087621681302,23.09373952821645,52.24569789201863
108.31923230496945,11.123978450216319,2,bridge,32,216.0831503514564,108.10791544347173,11.910898775627798,2.4693914446328207,21.684106002566832,-97.20965954511844
62.73214480468013,6.210664040345145,2,particle,8,264.452991640603,60.70068000454006,6.416481302024268,2.102194053508017,34.275730537111244,-34.90469555315764
94.19758790632302,6.306292276879917,2,break,16,208.84503572701735,94.52520403905687,6.602229995761983,1.6956054257016213,19.471053776846137,-55.85882891406709
110.58319027817112,10.129747097763948,3,none,32,184.7984425171121,110.60472443093036,11.152630039589182,2.202784509483227,29.430830759794,-23.0082635638301
47.865602980479736,4.541846605872474,2,particle,16,204.0982795397031,47.005317091441015,4.869790228581495,2.331336231074984,44.98306629098538,-15.004183848092254
111.30728600102509,8.04607941178465,1,bridge,8,238.06739070312284,110.82297301179383,8.996801976412426,1.85871831932226,19.21622146777765,-40.1822848985864
110.48864786591696,7.662863223587896,1,bridge,4,253.8701008400684,111.02107207720604,7.74360464695401,1.904887344439288,19.913112443883715,-5.922377525340977
38.35042397262765,10.916423045554309,2,particle,2,278.95872095763275,38.33237196972328,11.55002101767676,2.611939250858989,40.694790455477545,88.88317931051478
20.333035460098444,8.703077817341697,2,none,16,189.7683217653358,20.42550501797277,9.06502930539442,1.8023285626641057,53.14628651268818,-62.03144634537384
149.4884710491567,13.201701564029593,1,none,16,274.1498644603254,148.55162563956247,13.212496558206748,1.9177410961257069,21.270797931229588,18.63001165194089
110.47274133238419,8.875817212983293,2,bridge,16,217.296020694477,110.79580912341996,9.100569654228988,2.762821198759386,24.23403302401936,40.40322746872639
81.47133737059588,6.237989187720187,1,none,32,261.98171108587087,80.57915562194941,6.357231071375067,1.7830679191587904,31.949747720144824,22.11647339268777
92.76053615913008,7.4294040505831855,1,particle,4,276.32478377115666,92.39915248503576,7.985406633757236,2.9541639989849635,37.81698100312698,19.279185497259878
37.833390835174534,5.537347423546127,3,particle,16,222.2823370275438,38.367040962485625,5.8535301221188885,1.4664269927121854,44.99091669947362,32.06661688679782
65.52486900031178,7.259088280035035,3,bridge,1,205.732031595604,66.14535892643632,7.571127105035215,1.4454732842299782,33.47750501061135,-52.99034003699009
44.138849907697676,5.1102027241786505,2,none,32,232.7259025428327,44.66041865457351,5.213418763413508,2.881425208630475,48.93728934441583,-0.5447913346108635
40.35070551517825,6.830193764377478,2,none,8,255.19491233451745,40.44838779612756,7.342133747205825,2.353102059510401,39.52174422156248,32.49164383928692
43.260804882602265,5.3408117850534875,3,none,4,195.57812015407347,44.04250694297556,5.4455531381271145,2.6157125387385767,41.581611916424414,-36.68539307638676
26.74037072920143,7.825192464106841,2,none,4,255.82511094417208,27.80760102333494,8.102511229665389,2.022373866444934,46.736608550169294,-4.523626213570594
89.1554318950264,11.505081804445688,3,bridge,16,180.63097916701832,88.45078891990906,11.881979099498622,1.248783625308427,30.477727039029556,103.17253320900625
88.72936073060696,9.296641515233688,2,bridge,1,187.19435125837592,88.93914683195732,9.467350304029654,1.2827788450625544,21.530485751574485,-84.67240780787799
22.766474638772017,6.963893890770384,3,none,8,250.517480460218,22.39568686417384,7.280071455367344,2.235046726872329,38.13528668891666,-29.0831592101606
88.71791351560377,6.031599006259243,2,particle,2,230.306074911226,88.46453906239586,6.060776720663871,2.047751226837873,19.09529061232756,-36.93526739732425
65.13401288681132,5.855830473840164,2,particle,1,212.0590005927856,64.40442645714234,6.614912748074461,2.4745173091772266,20.459775511814307,68.22971825811305
69.10422196981165,6.7931463411674855,2,break,16,278.8147976491493,68.92435695941927,7.281890230613553,2.122760665547212,19.30391885449801,75.97098676256456
29.279766177718187,7.208752366733481,2,break,8,246.37695195235293,29.81933436784964,7.291539866654822,2.7944886978116936,52.76883674655113,-12.028657817088629
101.39652051758884,9.396856677297023,2,break,16,191.95988716585344,100.73245797705576,9.725608731849144,2.2189167980974585,25.53035123633452,-46.156318934970045
119.36293832401525,11.830124811067193,2,none,1,263.63885077162627,119.91898572270688,12.108898089195794,1.225763432088974,19.16322901758762,-104.06519692811132
35.03013242283803,4.708003439965898,2,none,2,224.0353445259153,34.8574330510108,5.035974291714727,2.2290625654803318,42.44580742792597,0.3448770970982764
40.93103472252704,5.898387301154811,3,none,32,186.6357188063118,41.4326795522037,6.12289482689485,1.8617992333560118,30.916590324111496,20.303061286971683
106.589742411357,8.807242149878066,2,none,1,249.6051845397249,106.95393447787256,10.356136121956403,1.6512733307548628,23.38316052240057,71.8732151612233
53.309344662908956,5.646370237645787,2,none,1,224.6488693151112,53.69845325269025,5.783428278797231,2.889677336285093,22.92581529463492,-92.93533839734206
60.46575641965421,5.969351518237116,3,break,8,211.80401971908103,60.10675014370422,6.099547113416885,1.6316807459613227,33.70742375540486,-45.209609308896574
126.07673348075527,12.830145174843985,2,bridge,32,206.7992689685791,125.67973287746754,13.032977276433543,2.986902955097471,26.60316190417648,24.26081040148773
32.21299862001165,8.778772866305452,2,break,4,276.4141522907836,31.142282482009023,9.315997010499297,2.7129458923619367,51.95159052840937,-67.34835667285897
102.22358252249361,8.718627501496204,3,none,16,204.78951441280788,102.25706936008244,9.227455260639111,2.729489435084047,34.348441019712226,-33.34430598560397
27.150801097773662,11.313780722433707,2,break,1,271.2196193405556,25.385263258292152,12.721495490810376,2.1810952424720607,39.63266481469837,-85.89587332143246
61.91244425022944,5.861805973352051,2,none,8,258.073044246313,62.16777620771612,6.092935832330468,2.7798749185143037,22.70463645834316,-60.819989847145365
60.74837134272889,4.320364122024955,2,break,16,237.61200384301907,60.51436990760322,4.5881022840692935,1.383408961156375,21.971627731386203,27.99504311271903
129.76084987632296,14.281008426081897,2,particle,32,237.38097831235496,129.52489849439104,14.97667519404667,2.3979138442511454,21.39706768163352,-125.26868394977194
37.03706704224683,5.423934847977716,2,none,4,207.85338726138903,37.24237859016712,5.564254221046364,1.6232490959595507,53.03669177794029,17.79761430575536
30.4028297714798,6.460807612382133,3,break,8,193.5910362628414,30.52454418929313,6.681054054682362,1.259171225281511,50.07738331371681,-41.15713810096554
75.12434727922442,5.21081496255475,3,particle,8,218.94994160051172,74.70822405641057,5.6626185750313445,1.278834274858068,40.84687977726095,-7.921157434476271
84.79964715645525,7.90481437885738,3,bridge,16,207.02360918942728,84.98171117688655,8.233827447620055,1.7580166377151993,36.3770871175648,44.358701258702126
30.511698632296447,5.586442171663286,3,break,8,182.50377369871055,30.25911966550317,6.831258872604469,2.112414940469886,39.14869402251317,-17.203070361029262
103.44071546499958,8.949168059063785,1,none,16,267.51959402625056,102.89755936951968,9.032665027486972,1.9920589310176202,20.762857198008863,70.8522347469279
53.75440787070579,4.7034526191570265,2,bridge,8,268.31744130473925,55.03961689617061,5.188333510843665,2.0782713285599512,40.54330070500701,11.42053640201152
97.3231017964455,13.017886273014984,2,none,4,259.15861887832926,99.0311087298748,14.929304843445967,1.2064481968877896,28.01412230692196,-129.83447309502623
59.52689379576184,5.382648213986255,2,particle,1,230.5285875896545,60.08358876171064,5.482045501494817,2.6550612073946587,42.47766145256912,35.798237245162426
51.390563627935,6.60834496728747,2,particle,2,207.08697725773035,51.10510728445044,6.866120388413913,2.565077640472387,30.58140779809968,61.65129241298152
124.15276299837284,10.57114942807927,1,none,1,271.2148728213613,125.86841208764496,10.600445287436605,1.8377462194281684,28.107050502850672,5.8700481754848965
102.2860457536619,12.52220307533962,2,none,2,209.1673267923885,102.47097352591815,13.10336852938536,1.9052788475096158,21.492575978217488,119.89879971526142
31.539567264618555,7.162840556187336,3,none,16,185.14879147649825,31.59784192909962,7.453084663942319,1.5383562286403265,54.50862000859212,-42.80622781411515
65.74057686976087,5.411987916409394,2,break,4,210.33201795465985,64.695067876599,5.611245229408103,2.666254123069242,52.04836944916091,21.87864665792705
78.9313508858459,6.303753514868829,2,particle,8,184.99771380402944,80.32088216076514,6.77099252753547,2.216874864647524,21.71051093909927,34.37996629234965
25.178320673456767,8.425102968042241,2,particle,2,249.2586198690623,25.89570450717803,8.880283721023162,2.5084683482107506,39.36033007421247,41.07084363283056
62.28808942339069,8.87551769504367,2,none,16,274.7896862722772,62.17962832699062,9.028364614755036,1.9757534157406034,45.61711448482359,68.35305076650565
116.28974802938325,8.249869819666658,2,none,1,249.9130281938625,116.7617404223507,8.368268881823909,1.6010232537534295,25.225796938906758,-32.00400821606817
119.44315063163621,15.297613691870767,2,break,4,195.6158834343976,119.9773271370186,15.601268216317266,1.800705943042935,23.332469426441428,-103.01339705166104
117.58165158766947,11.81858176022346,2,none,8,230.81940835411245,116.51633580846074,12.731421259957443,2.6690119852521264,25.05082640762295,60.42191980934675
40.55379925748173,5.915116321011759,2,none,1,230.03976272535965,40.1419353191104,6.094672835753982,1.8301909938418788,36.70079894420067,-37.71223405703293
42.194643772122895,4.052902581514703,3,none,8,218.0376016447673,41.604667317604296,4.137644602589143,2.6719859599984557,37.43857219105279,-9.882786851842042
40.17057671334521,5.712476358580078,2,none,16,258.05489025191923,40.82906324165857,7.078010585645516,1.7388436826431741,31.13779793720476,-67.20540391669186
111.93584287318703,14.774590322225151,2,none,2,269.40900993895366,112.21394292480797,15.18733705761614,1.9593653791456078,18.30239135463688,-131.33675650698044
67.42585708236618,9.468918084984582,2,none,2,276.1678817988129,68.79067568685547,9.688185083994114,2.2628054548601635,24.23633945712256,-83.90834758107292
59.95543064834317,8.049222528553637,2,bridge,8,220.49504143847355,59.28592175882973,8.156824667543606,2.2548987305296175,38.76042352432596,-73.24866101275055
39.25847916671751,7.831679348960655,3,particle,2,197.4216843808117,38.942874772986464,8.289349966491947,1.6678850719557545,26.63551794210016,-91.3464364119997
111.31374965991286,11.036215098980628,2,none,1,240.67671728279504,111.91957746964133,11.537055908312343,1.9589906113293338,32.60151903175571,-90.3379197232517
63.23786139884151,5.514242588810302,2,break,16,258.77027352165646,62.48138097302508,6.661048597245399,2.6495502633761276,32.00920750337353,-69.05854104733994
39.75785246896943,4.73295867686168,3,particle,4,195.67065928435315,39.57680128967122,5.167569955939079,1.591853033533896,49.17079571174498,-20.77146005773062
56.90506341389662,11.020763627611045,2,break,32,244.05340171199617,56.16267337224664,12.078030596201918,1.9824424461793637,29.241919616184425,89.9367869132667
93.81959067192804,9.08189133239723,2,particle,2,197.4421643521778,93.9759756683018,9.20046488714563,2.0850868073790405,28.789515409579003,37.11592853586137
98.05279541376785,12.211897655663144,2,particle,16,246.77714244942587,96.6754697519386,13.91319738880597,2.1578768916407682,28.036936835795547,-121.33730792650744
72.73548227328958,6.013493892764427,3,particle,4,191.46037586204648,72.41901314903792,6.195926498630887,1.4845764664065753,34.85410381759845,5.124593142665503
136.28534487225167,11.617870026206894,1,none,8,249.83343800399356,137.76112926609696,12.410907221478,1.389421577057394,19.730133055413788,6.758982941044678
99.67426360716314,13.487513516980485,3,none,1,203.4977066900145,100.01469656737636,13.650721366537224,1.382641309799805,28.46305725854805,103.46788960030466
83.56566592328547,7.303628660800459,2,break,1,218.57937195577043,84.52663884278246,7.441251334531823,1.5063669249169278,29.72066041000172,51.11465342569025
113.82121519443292,10.655404817638871,2,particle,2,252.29387022287423,114.72671170482272,11.45423755431876,2.243426575996123,21.058707769796285,72.53698427393496
126.45188587723982,14.589200936673691,2,none,16,218.2494058065216,126.73290847658888,15.561152672445465,1.5816155688149092,20.109540784635403,93.96540502442178
50.51646459733891,5.176578279933335,2,none,2,231.07330858096617,50.23035662533049,5.220892673064398,1.9447265811819632,31.11279601283526,-33.41969426978562
37.63918228813907,5.2630652756795175,2,break,1,221.04633592074725,37.16727808241603,5.796428978593807,2.6571796632872333,28.50560177640546,43.86592992329781
68.61354527287969,8.068762230946568,1,particle,2,270.3309969721132,66.6148586321637,8.513920529072289,1.6042536299463572,23.78361175762273,88.14588845127685
68.11101705899894,6.578972461256828,2,break,1,233.04633999423257,68.86443245028414,7.021852581466809,2.141823790837453,29.447683979533394,40.68809875042572
103.53430031955683,8.83480364904544,1,none,32,233.9925264620062,102.59837107486588,8.935253129937724,2.6927431077573316,20.377862433170016,-55.30135854016629
79.80555561551353,7.210052416727267,3,particle,16,186.4714597311355,78.58723016767449,7.3978203877248285,1.7894909618776145,31.66733859580677,0.7217855463038063
69.63458111953639,5.473393823513078,2,break,8,268.01390669250003,70.68156613772217,5.722802913317429,2.870021390062836,27.242521882045807,35.200432770822914
76.21524971334675,12.338709954961926,2,break,2,234.01665153675188,76.98596551291818,12.40903590413967,1.8447814825824043,25.100716199531984,-119.74916363413776
81.07988043650941,13.464233144361689,2,particle,16,273.046878275069,81.7988326456013,14.13064924934947,2.951561954373963,27.73052621847859,104.80564839615693
58.4716252898578,9.226708964229593,2,none,1,253.78446829537867,58.03080969923949,9.485703714900144,2.7366040530607516,43.980352142158,-72.473135686932
114.171100275509,11.105725746648403,2,bridge,32,192.5417701850335,113.90352063553088,11.315582486698624,2.3334007865258406,19.004717305953488,0.929658991581988
57.97744353042835,4.722854158264061,2,bridge,16,200.85136571337463,58.30401140459196,5.1592501953316665,2.5355590287640055,34.7290538610232,17.159819145959972
41.32458186086214,7.093446350561219,2,none,1,180.18324601521743,40.69003787113495,7.879874656981291,2.8663748558851854,31.919050640456845,-63.87497387208518
76.80907576234455,10.110212102626098,2,none,16,229.22175615416745,77.48336035373265,10.38372568369261,1.9368497529076312,19.5088062152908,-127.09371159900212
61.420610399860415,9.963861892260775,2,none,8,225.40274168474812,61.76964904164195,10.390747495443506,1.3552944738178245,18.38991624962375,-125.72589820663497
61.89119713960966,5.225369365800786,2,break,16,250.1755896002543,62.62029641150118,5.712916518302676,1.9022723822517988,34.80009971737937,17.677547550227928
137.517458121104,11.254035484935233,2,break,16,257.3368545173519,137.25538385742743,12.515182711577108,2.4990237160580993,18.375118459832752,-2.136414602174085
62.34839364844859,4.4896682171263915,2,bridge,4,258.6286666067818,62.433097435090765,4.8019335619596495,2.2736234127395925,33.08528411453272,-8.294221924968099
27.61133355962039,6.19401583378678,2,none,32,237.0934641454444,28.08123585382376,6.61247688315566,2.453816605818974,54.81096825884757,-13.462908828609358
83.43657139505405,7.14179046584985,2,none,1,222.1240774412653,83.85433846466007,7.315398849596327,1.6107252005589072,20.5411848010923,-74.06993125764596
90.0713838955575,6.191748553651578,2,particle,8,241.37096736310224,90.095739156634,6.591983214697829,2.0345346045695063,18.45354436419012,-89.35696991197779
94.03446995979814,8.98601848931505,3,particle,1,180.4055574679925,93.13246446849443,9.69627337964621,1.493153169348722,20.639875424879257,60.7331379359579
61.502641508189576,10.549904676752965,3,particle,1,180.0552135215247,61.7668515842702,11.092582412559068,2.4340722867223663,39.94079081938972,109.56885025554442
109.10223813959314,12.23763833064989,3,bridge,16,183.83343125441604,109.4009763068595,12.360485152391751,1.7986985871998102,27.349895802648163,58.68208454103055
59.28898577061295,5.409622983154627,2,none,4,230.88744143706447,59.45679593811036,5.519562390469837,2.0135178139912044,32.86590085725797,-53.94428144877237
90.59702671755251,14.287095124527568,2,break,16,269.6182261842548,91.73471987130162,14.503168177125357,1.5049641930660407,22.8317499649023,121.37476347540894
55.01805069230566,13.260951001798382,2,break,16,250.5686167742832,54.057284678061215,13.737629373781235,2.109514148110186,35.54833966083898,104.06426492307504
41.575122992752455,5.917849970263859,2,none,2,262.1399410971272,42.1362172066436,6.218543529313672,2.3206841009692933,54.724768801088906,-47.40207409397115
62.81658736395652,5.96801050246742,2,break,8,247.04542454156672,62.05558153261355,6.305423941968372,1.217297160244771,37.89361805152745,45.635223250428425
132.11966520555967,12.080261886649815,2,particle,16,251.536669534824,132.52166913424225,12.461181384062256,2.173642044718971,19.534322172578094,-84.06467938556892
52.978946290023764,14.275088225556539,3,particle,8,194.48707960519252,53.21807786485119,14.879956297827889,2.5217340175375744,52.24625032701993,-110.3681317044777
47.16828536791508,7.9269222225794795,2,bridge,4,230.37754975357572,48.04309098064371,8.893043760632068,2.7076887198080026,30.8253489967732,75.69089998506976
107.60748539608744,9.64621446979832,2,none,8,271.0416081259046,107.28959311657744,10.441743040459796,1.3740151918878658,20.44748482369041,60.63881586792596
46.39635924116428,4.889260071200613,3,none,1,188.18049175338865,46.945938672204846,5.129474190029922,2.1440654091891083,26.41570435065768,31.03995751149569
76.58870979392739,5.920276673671738,2,none,8,240.73767772929568,76.67639938720072,6.269406721930888,2.451845042537954,35.27304912838173,43.49500507146411
38.60120936895538,7.236103123198667,2,bridge,2,276.56530025069867,39.04045805016869,7.494388182175976,1.7007652306412386,35.67914420795919,-74.14135051019929
47.78104942609795,4.439656186579539,2,none,8,258.3994573077162,47.88748696733919,4.677693833235952,1.3774706133469867,21.989063125205373,13.578937056827357
23.17779655344462,8.345147678048662,2,none,2,264.76769691696995,22.70470290358382,8.89487878541444,2.345007760369671,53.639267096203405,-14.08399822486615
87.10597938609352,6.980622948931102,2,none,16,249.9364381407716,86.56006073446518,7.65606045498709,2.1178512349362264,43.646245119833445,46.316213051635685
75.73304927576885,5.063598022873704,2,particle,1,241.9359901104267,75.90265030567592,5.647819043044136,1.8314463948945285,22.056640529616764,34.57170667273627
70.11858996490486,8.616773838458808,2,bridge,8,256.84870698959514,71.46015425047605,8.791529074411446,1.4583700720227875,27.75459730778102,-77.72115151512416
78.92431861635639,6.7512851223309225,2,break,16,259.4755094319938,78.76651514933899,7.03058357539084,2.5451554278690263,34.37596778563305,-41.85087240927706
47.178664746610934,5.925078833514891,3,none,16,188.24646909705692,46.510857266385045,6.175775892979693,2.0281752093328707,34.3133300150382,43.73566491908147
33.01245470502166,5.150861925135188,3,break,32,229.28701467474156,33.61992891637079,5.177321199927,2.5422505555557597,36.24486637294689,-24.91282246373251
104.5845656253881,7.8449144615416095,2,break,4,204.96918725337457,103.8026055157689,8.375894096556072,1.9159046762172363,22.56614696100833,14.09806020575789
122.34385084624932,10.83584488329997,2,bridge,2,212.31312477067897,123.8648575870558,11.938568807082188,1.9830007428088938,28.095997685875872,57.49552999644524
76.82695653764381,12.685042468909554,2,particle,1,244.35767159669388,75.94654402559598,13.085304691711547,2.6490710714198205,20.01533778422162,128.9623619034814
57.995471711491945,5.994745168153703,2,break,1,240.193505804964,59.16403823001771,6.252994340348126,2.7927024961212763,36.366048331174426,-0.5866416054516037
75.8560135677245,5.043856270985668,2,none,1,231.29321116714,76.27451044970091,5.275266251584103,2.681453331083721,19.956872042059874,-42.37123372906811
81.88442363062421,5.2565901923978515,2,none,1,247.03324486388897,82.09264473431405,5.606895707947609,2.4999791499945507,28.968079525090047,7.010352772898926
71.29616257681215,5.611186214424051,2,break,16,202.37229648271045,70.94238383195876,5.805424647671447,2.417169465431072,24.0961130017107,63.18491511254752
19.625510330281845,7.274905104637935,3,break,1,188.00299400995604,20.11714722106689,7.492018844204248,2.1059396857470607,39.59520446520594,-1.5391795561020274
39.04581009207496,8.963461661198545,2,none,2,265.3376892324262,37.66696792513721,9.118106370546338,1.6339118131496502,27.322139069631227,63.84618778623809
79.86695833729652,11.465685804027583,2,particle,16,186.35995988423616,79.2850784690337,11.816607155643272,2.837704639633045,42.372043416485056,96.84757765260848
44.77457339869426,4.9447241951269465,2,none,1,227.9576803079534,45.38280695486325,5.450589214490578,2.3191614237372304,37.85820459046101,23.81428435394062
54.766570430245096,14.618441838166564,3,none,32,201.3872321528483,54.74275819349009,15.267898184147503,2.6565494201980178,38.61971236193668,122.23791281502248
54.388096588629566,5.286367342518718,2,particle,1,216.53814860455265,54.11183070606271,5.626671624823613,1.7200474032478368,29.64865356122435,-63.23467006134412
121.406629401791,12.347031205942226,2,particle,32,196.55201659922997,121.22374888840174,12.654484530759406,2.9885320837679927,34.12927678181286,-38.7459608491815
120.52259831418225,9.542982412269772,2,break,32,223.5182778915925,120.81261900494448,10.085487297880649,2.9017878982313405,23.58759395897385,24.24478778060228
45.796572920268545,6.906685469364556,3,particle,16,185.24035806271135,46.43264349015857,7.010409962457119,2.8746458600033007,40.37839690936599,-63.45888014895833
77.75818865500955,5.959938669030859,2,particle,16,207.65279480994764,76.63841111138555,6.202250948957434,1.6884023644795252,33.37165248054127,44.665967764519394
67.83234050869653,6.089165692889175,2,break,1,187.1661573895209,66.77150964746045,6.182903245069535,2.1269914970844246,41.1411805505816,-25.277779678622665
62.48326316462277,7.188432710166852,2,none,4,212.7565118515114,61.10006243731944,7.5614980243440515,2.41287971085284,23.02752267239932,-93.86423652700093
45.81593792003136,4.748580650473196,2,bridge,4,211.16280174767672,44.89493598417878,5.090600727668772,1.7531416035167382,37.84483871536145,11.615173573602164
102.81416403892014,14.793787277484098,3,bridge,32,191.306637710946,101.18246166725837,15.420592893169747,1.2250421065778059,33.04333532852646,101.68678598712938
66.77553862790228,4.971346603108845,2,break,4,233.96636868035773,66.20862307817217,5.486173503761156,2.368061593984628,22.76122570778191,66.16830918139397
67.6825083188052,5.070101264825533,3,bridge,32,206.8381403894596,67.45403494458051,5.248622400407689,1.2933477255117922,25.23820575579697,-32.63543344142306
82.19129336727363,7.007357867872538,3,break,4,222.42659714320808,81.5057347034018,7.320589829587299,1.8075695849234648,19.43089554493017,82.9297170999331
73.07133598033576,4.416771141631459,2,none,1,259.517928750073,72.18392933132466,4.757979231567534,1.3826189195098109,20.35126127621298,52.20230010141063
50.79748271723841,7.315981871033802,2,particle,2,205.46539636501203,50.993631987366975,8.174470273426106,2.216608219611922,42.79616691728084,61.15626781360851
39.87224879284793,5.838614949863122,2,bridge,2,264.35534868883,39.48440992387124,6.203774247099112,2.0728550859157213,48.90837137200057,-3.867049643536092
37.33622543858735,5.09308521315685,2,break,32,269.4365515493889,37.8240491527897,5.486952585813544,2.748147517289781,35.06305145370575,17.139180699419626
38.78846975914426,6.931426467195498,3,break,8,180.2639026352721,38.58566253083416,7.117352161095824,2.078699192092792,45.09813417954045,38.65630804432621
58.72802477736777,12.490906571911607,2,particle,16,253.35327807086009,58.737000952340885,12.949271320740516,2.1549275950726954,36.32773464153563,-108.133762388712
112.00831720136665,9.348511227915122,2,bridge,2,267.4629667412671,110.24599547749806,9.786018494829442,1.6701207550069512,21.79468762687864,-81.3134869371839
73.72116689784764,6.640857775397148,2,break,8,273.81295255745493,73.60486314792956,7.097805085085821,2.754586954352635,41.88043202038393,-60.65204373028314
59.09512171588832,5.326644437861348,2,none,8,256.40579640421976,58.76314557002791,5.7956602230042575,2.1401228921955875,25.83904230415597,-57.03881680355465
61.135966482374066,9.375513222718785,3,break,2,200.97480846492763,61.06935954691497,9.695828441278085,1.9194678077487506,28.87918667667939,94.37556922011686
52.60649839973138,9.124160351124406,2,none,8,262.7392026004885,52.67048787531132,9.215680865380014,1.848666390818469,53.72181630468143,-84.61331298848481
85.2828075172269,8.344815023719304,3,none,16,192.32551828415305,84.63346496531304,8.8628739296742,1.3566069616481335,34.49283056173862,-63.76819957515544
99.06679850608043,7.830837486641003,2,particle,16,212.00792322652205,100.1115722499884,8.580098323648905,1.689017435036336,23.65243687764484,-62.72500708323645
91.56077441621831,7.858387538122454,2,particle,8,267.923604332707,91.80419105085512,8.242554572176504,1.603984809267515,20.34626440845865,-88.05094317366137
85.03262321792131,4.9568611427624045,2,none,2,225.12951013889196,86.16188135740178,5.056834639770752,2.4903603091419972,24.351494058464915,-5.98396650568796
56.50119079520355,5.170297243005705,2,none,4,232.53713138893607,56.616312007007934,5.52480496248634,2.4879120829482138,43.63810656505561,-3.209117193460287
61.0807624769336,10.665339777087137,3,none,8,217.1518226368676,61.099445806566585,11.127524965532386,1.7172547942081247,31.828040738984164,92.0232428988129
32.70505102951881,12.41517842672465,2,none,1,217.2364750821774,33.300798059571854,14.790748750320462,1.5426790051583623,43.34417102534569,100.61527840655674
105.411893744176,9.57538342498358,2,bridge,4,182.93505139864,104.2004632909786,10.247962372613754,1.3279793310719716,41.15339381074526,31.109677229045275
23.363839620902596,8.079485200667015,2,particle,8,257.7341453950972,22.229518181294992,8.408626164625593,2.9999851443660894,44.93106701409161,-6.458708019773695
83.47604332160977,6.080895180367614,2,none,4,235.2171550547756,84.07765057105853,6.298348941770758,1.285171192798434,47.52756833465325,23.18091408814155
72.53246929357736,6.418566014248313,2,particle,1,201.11256032900036,73.43774612784576,6.689950741275494,2.6378934272196646,33.10895353286023,13.833982991073157
112.5759361330244,8.482629011569028,2,break,1,235.80327777835663,112.1042589989024,9.672800541728009,1.3788879175811846,24.317647449990528,35.77387420405324
25.55125486871475,6.755323777184224,2,none,32,259.84201707811746,24.689556622282247,7.52354468870108,1.695093703202455,54.543201993119546,5.51487839436669
34.02961784903399,5.992145813428097,3,bridge,8,186.71579822142368,34.10442167268809,6.292401109644574,2.485977496371145,33.07113776593947,-60.85018156755335
60.87913588703367,5.7502786695878525,2,break,16,256.9149121541915,61.18098332307317,5.808114403926252,2.397760135140202,40.22692668849463,24.935600491387905
34.48611965091459,7.978362291187805,2,bridge,16,231.905226478103,34.68506767123444,8.28225125813945,2.8027779718774286,33.38641498563558,59.15998775466525
30.356106161540918,6.525060241450147,3,bridge,2,185.6278460131511,30.10007356390878,7.278897414781757,1.7830305371344897,30.27518747938957,44.259714701322736
49.327986309061515,13.592983577813452,2,bridge,16,215.91412179490348,49.14577572514728,14.730172793638024,1.3903386246079952,34.79505215801575,-118.47340908890342
76.84145659005112,5.225950917244133,2,none,32,237.24871034383983,76.33143980133583,5.847519494797172,2.0898302082081464,22.86022539819852,38.469284776104274
25.976242030391887,7.381032099931581,2,particle,2,235.107988031056,26.455231888840025,7.87712006980635,2.5193651967797104,31.371601348366987,21.00149944848076
101.59723075375844,7.595277268160942,2,none,32,231.6233132972045,101.08809585925457,7.942884117385849,2.0657494422340585,22.89732961023949,6.02984384202324
72.70978989595206,12.41174289149384,2,bridge,1,249.7065114033105,73.09457363887223,12.752959308154908,2.665961144446052,24.249847448906493,97.94685948877122
70.07333220811029,5.65091643216763,2,bridge,16,209.40873802714933,70.9984682759571,6.609456007976429,1.4913012797870668,42.579776042968206,46.77285338439188
36.83824587965099,4.8515711865947,3,particle,1,209.2111791415138,36.37834095164404,5.208826417655145,2.3943409321830695,32.02559583623838,-52.66495415055341
35.927235306095355,5.224029771485607,2,none,16,271.98439095085337,36.09482686862965,5.389011491928812,2.016042169505263,34.93934992545857,26.97635907171616
71.16401895040349,5.01621207264425,1,break,8,255.77047896659604,70.19011384004605,5.472385804557252,2.7028493976641954,32.46889601908536,-11.5107954411028
92.13823959739011,12.332074511583297,2,break,4,264.5200402013492,92.72701847584727,13.199939330301737,2.127598383072958,37.933619458324365,-97.42978786855122
71.4453334507604,4.156407473281814,3,none,16,231.2528521662601,72.04357358847011,4.465212862916698,2.979715779410018,29.393161163826424,-13.230129278245812
22.93017849410444,6.444171709433505,2,none,2,217.2650606884128,23.505793745491456,6.729531452771436,2.068907605081304,35.80879628507461,43.95302389935051
101.02218097657737,8.42832162361493,2,none,8,258.6854361342743,101.15331151243174,8.880441180034321,1.2993164882830357,23.00716226392299,-44.26079934690904
60.46305691628493,5.594275418456486,2,none,16,213.01934724106485,61.13840406524962,5.838639273255787,2.914548721315254,36.20496335200555,38.76158313754519
37.16100555177704,7.4315094608889805,3,particle,4,199.628744824776,36.34333283290546,7.855703373338418,1.601042492347078,28.595545313170746,-87.3215609993668
86.86932237062824,5.317551005071499,2,bridge,8,223.61761042015004,86.38611932883738,5.743794618768754,2.1292955700877108,20.69209318097801,25.49081721263116
73.98454617696879,4.96478811816683,2,particle,2,244.5735470023517,74.59001018328959,5.069314131373334,2.8111615246836426,36.22080685657477,0.8929597453636404
52.46381662232027,5.96190787368776,2,particle,4,239.9093911711844,51.36920755503878,6.121890635809153,1.6238186137302895,41.23549599053825,-32.89524400899421
43.96360656166659,6.227248664970274,3,particle,16,230.99486177023505,43.49632651624275,6.463256825064505,1.3280413166388232,36.853281007331006,49.37953205013454
83.5949541766679,6.185901360408424,2,particle,16,224.7551388298216,83.68189431452244,6.327738332112974,2.8644722666657674,33.21887808585854,0.4712330658718429
76.53720631544599,9.470565217922648,2,none,4,199.23293722319525,76.73135032473544,9.617355069387967,1.5462841612265095,28.659719381169737,-94.53475765640478
47.300842677227855,4.737069383883605,2,break,2,232.60877445952616,47.265408592920615,4.932878882283227,1.5038758410778188,39.54051005676935,-23.57169872983724
103.36371381047684,7.106596086949855,1,bridge,2,268.5686216339285,103.29779708284651,7.746981143770225,1.3440755392901766,18.233262740002303,-20.743961498082285
90.66782646437179,7.187893907182374,2,bridge,16,216.51608258249624,91.38154282755144,7.243664799606651,1.4987393838889722,20.803186385820474,-9.668689015928294
89.83944295876067,5.20298943236757,2,bridge,2,272.200452893748,88.6215233841726,5.747492769797211,2.357617205478113,32.319172013371166,2.2800243337368045
67.38546707834584,7.642916585433008,1,none,2,269.6358888655494,68.24659972517598,8.245469926944642,2.621182137185088,46.54637897280308,-71.47440148127893
83.65695534376202,8.312327232298085,2,none,2,180.23606453005485,84.94687145517346,9.963307630914532,1.9280661997719455,26.38522951090006,-75.15421352521142
116.99281079932348,14.604563961255046,2,bridge,2,232.8928868625466,117.18920337286436,14.92210577971692,2.311078403704059,19.614209152874945,-108.21721893354852
47.72139923603074,6.882845732901624,2,none,8,249.4802872803192,47.432018913919066,7.33584663035496,2.639014529002166,29.86271332102672,-57.36278754637392
44.36493097182537,4.625757104475833,3,particle,1,205.24585109964423,43.85661875874987,4.8868166751073145,1.8811779743457502,34.619234033987304,33.39197326606666
34.580246136535436,4.466941976696013,2,break,32,238.8561720888768,34.653057407410834,4.623692879713047,1.6100874823862326,45.07718022288651,-10.9506649637639
66.8010594715308,5.89101639074365,2,break,32,200.26255349467985,66.02100686584359,7.225330534853696,1.5261683285503358,36.23322903435757,50.88598238384032
50.282299372752334,3.806593257048921,2,none,16,243.3315953823661,50.91518425740546,4.293442465771236,1.5037793971973592,29.14864830112682,-31.41466885289668
61.090043252055075,5.028124002501486,3,none,2,193.30135344669796,60.4676317032814,5.235516330728718,2.6031478845232057,34.37088443036046,-7.457563098073166
27.97909341865187,6.6235329687719275,2,break,16,259.6507481245644,27.611463392505662,6.912884647844812,2.275268302663363,40.767331645709206,11.574027939855624
71.07979588321398,8.904160026361465,3,none,4,183.51787485837616,73.21486362177289,9.43975379826349,1.494396610265585,37.13508721675085,-81.96545072922748
72.75565963296927,5.842494799507135,2,none,1,256.11912625831064,72.21240732454676,6.070728496580117,2.8496420875899653,24.48120885498125,-2.097327546471064
131.8264385780747,13.401797098873583,1,none,16,223.47836733110853,132.08021588249167,13.50320770915235,1.8134319154025065,25.76852704028217,-49.60053036954159
69.46915856704871,5.931821236566954,2,bridge,1,278.51133192086,69.73075874888245,6.558826262299304,1.28344093467996,20.60014463527671,-78.3127918783001
46.5940946172191,5.3841418118035556,2,particle,2,221.12017172166333,46.57072541567975,6.278337169969584,2.8588542556160403,27.45522341099202,-47.15274971510664
56.72069526856481,14.293327057676144,2,break,2,233.1292975229626,56.82571603054155,14.428531682990409,2.256514497531045,34.95133020774737,-126.88827454681991
65.75576933902958,5.342678397217428,3,none,16,185.33568484789967,65.2282567523177,5.783251196852785,1.5154737960524027,26.09101554867281,-23.12969781012802
54.44241825393098,4.816575562124283,2,particle,2,251.5061221338336,53.97225549521026,5.458185679535251,1.6752760224609071,52.23746290708108,3.1399141979183014
39.145357602668355,6.65609505858289,2,particle,4,278.46326488524085,40.02618400130934,6.835585224530274,2.3573045055358737,32.23104344739271,-53.79447866800189
94.03968098682844,10.802327136366756,2,none,16,210.71769638822423,94.96253853098058,11.360562083773774,2.439675513221057,31.722725751751653,-90.76800171086754
128.5436790204178,12.210648638704445,1,particle,2,244.9030407532734,130.40691230673255,12.364361316465295,2.0546544638800524,20.529992926914943,42.71641536348898
36.76980300018923,6.219711024958605,2,break,2,261.3980732374404,37.57858085063022,6.365515988552333,2.131556652630027,41.90369832516186,-48.3343088444017
52.20405993380973,6.576138322500098,2,particle,16,259.7101511373151,52.0768662478386,7.434938982359836,2.522580569344034,37.49936077971604,-55.77381375565213
109.5671385011424,10.921176026173331,2,none,16,207.2256901773725,109.81312428541372,12.059481632675745,1.9111691327142801,36.073423166955024,72.43555794511087
35.94697661421391,7.301970775943115,2,break,32,241.30708196894352,35.1341587019554,7.760188207190651,1.9540101496319702,25.00310278837545,67.3764097954826
61.45086535978896,5.666143508826076,2,bridge,16,246.67227253094933,60.83038635626511,6.85055633529507,1.209240859694248,29.014845678022365,-85.17655935852731
54.69743976524177,4.6906702268559615,2,none,8,218.90936576286265,55.45045570387329,5.116694243093162,1.907024976529778,31.6606135976748,-60.254407552828695
37.866214908812594,7.158852151987119,2,none,8,204.735608314868,37.53845373263106,7.65020028569854,1.7705253087859907,32.35824897306954,-100.44495457362667
75.91176681855774,6.679083830411368,2,none,2,196.3477204353608,75.16819615347391,6.961478442466726,2.9342101464549204,28.69886919504065,-63.03831706337276
75.07833836205407,5.3325069765643045,2,bridge,4,272.79830923661467,75.18785705953255,5.526678723270091,1.6019276510594567,25.79372828164067,-43.635336629726055
87.17518350703335,13.524197633622144,2,none,16,210.1265043037141,87.10998878211522,15.216322054104312,2.3245987797042043,25.195393535362413,131.89876244781647
20.67292536800079,14.037633816282,2,bridge,4,274.26614243208,20.06740709048872,14.745711626452511,2.8389131769537466,41.37058137227366,-93.70614130132238
63.04628234431433,7.091007061228828,3,break,8,222.33790935466493,63.0624333857329,7.3241050366608595,1.5889694848263691,51.42077536876937,-67.60324784828238
99.5854753328826,5.855587131028889,2,break,32,248.0352965052962,100.38947217314092,6.191400880430498,1.7827347303669656,23.469678835578183,-43.26522422343433
141.64833712595703,13.690985676303226,2,break,8,230.01263287583637,142.21046945520922,14.22502268160905,1.281255343254231,29.558259923857264,-14.000075800060388
31.656803287324266,6.572875094441411,2,none,4,232.21954984493817,32.62624530572449,7.105657819058795,2.173684498028444,34.26824203671035,-73.97271088631199
79.63181361781591,6.4191308377257235,2,none,16,212.65213745636345,79.80041669181199,6.758690279937941,1.475914458853889,26.49675946051497,71.91237247589936
41.801010406672674,4.37248885696274,2,none,4,248.58540754905616,41.31298984574025,4.720468220621647,1.4910822112965259,44.873187960316415,-4.8876911612538265
52.420283584982,4.994645071830467,2,none,4,233.50647029905176,52.77915697520535,5.255803738237673,1.2995583014919516,42.84047839577826,32.26246450117989
68.27742196952768,5.140636942678633,2,particle,4,279.05120440387424,67.52896704282925,5.313178734612237,1.661478716175909,49.90471147601153,7.677284053471027
34.287892827226614,5.906193501048384,2,particle,4,206.60813279901785,35.05347907177635,6.006439875652244,1.6268936518916606,32.50922724179487,40.48293470768152
68.98480479024684,14.244178597868764,2,particle,32,269.72361967789925,68.63814347325066,15.201084971122006,2.255982396386746,32.46193665786258,-134.5952204736745
40.39639771403922,5.3551757640676225,2,particle,4,253.4008130296146,40.49781169947085,5.457414783494039,2.622633148048826,38.19298643149737,-29.161692728813733
59.08681739068288,8.071440569542654,2,particle,2,186.01410425468137,58.33479578167201,8.133857322105142,1.4068288532827267,46.24504969462117,74.22440913251168
66.9050108297219,6.3793494953754895,3,particle,1,211.205025954876,66.59903431804011,6.638471754998954,1.3761317720167758,47.21193370288191,-42.92329175264968
91.1496964130253,8.169796110250498,2,none,8,250.4588509755661,92.70578547961443,8.609047807313083,1.2939717308124947,27.0601444119698,-80.97740972708188
105.73030450760523,7.203328011755104,2,bridge,16,225.18533754727756,105.17777798503909,7.416012711863236,1.253314305363284,22.16394139856757,-5.087603383971072
114.93393986963224,10.065297102585879,1,bridge,2,231.93482686890687,115.8412036020084,10.962721993198723,1.763278121461615,24.00487835752332,-87.4583508380481
50.09312742304763,4.243777586815522,2,break,1,228.71981786908464,49.175374064204405,5.020110230613433,2.286848452319947,45.13927592991922,-39.63896997038091
120.0292282299826,9.78124037896869,2,none,2,242.19856552090164,119.06837858123336,10.159740564697586,1.3713719065846426,19.232037685428008,-56.75379089589627
110.23606649199694,15.375024955298963,2,bridge,32,184.28559782155355,109.60849631299808,15.65745333670628,2.832163626876126,26.11392647677228,105.72048532112213
36.038751348934284,6.497268697554922,3,bridge,8,184.47406981274284,35.83864098576995,6.845951681598243,2.2962760417847594,54.87220334381531,2.177391023052934
52.62715083676079,4.580026179924504,2,bridge,4,209.6739858605786,51.83904113334668,4.696440864676926,1.608393713048355,40.15912470417102,-44.203850367754086
86.87765836708084,5.099071222168355,3,break,16,199.18683656970487,87.18578871378467,5.164152742859428,2.604370728307263,21.353072643234512,-10.050647136396975
62.843474558438174,9.799981589387281,2,particle,16,239.8521395724236,62.42626816256993,10.342457140585076,1.9627293942569934,22.790221335274428,-89.7895847176904
27.032087508324935,6.795196239464517,2,none,8,273.9904211599723,27.103665634649172,6.887164567643246,2.4781712051560563,47.97035008183684,20.481821573542646
137.4856561699254,14.18044232090902,1,bridge,32,224.39835841385428,137.32136940455055,14.386639942567273,1.2188185310191653,23.99532198496744,-12.34710267047359
41.01383755664496,4.620558447284859,3,none,32,211.0338581296148,40.71508025475156,4.889856138544927,2.013074200155789,25.801576561457946,3.161849836024885
41.4005634411561,5.696481079965036,2,break,8,243.72927078796485,42.01843808496135,5.965978818787295,1.9746161680421204,35.699431232195806,-23.73890772575808
108.80700820886933,12.373282689277922,2,particle,8,244.95991626833285,108.97008373601057,12.93453151539294,2.8575488092912202,19.11893816529276,109.31520309308814
121.48582047709169,9.032488984393343,1,bridge,16,278.1458019686875,121.74460296812686,9.517943538562571,1.5851267963992113,24.665782004694773,-27.32953048988415
60.08225961899748,4.608898750936267,2,break,8,242.8188044539118,60.14145504295225,4.830373566328064,2.0558596383790064,26.402907047940808,17.441435104983782
36.172022446026034,6.029956591136848,2,none,1,252.83468784924716,35.375782564136,6.3378989867630935,1.7819491168934278,53.05837401014396,-21.410163766156813
111.23301827736952,6.6710127339279985,2,particle,32,224.213392171023,110.85034490463616,7.226500429847702,1.6936461969106524,18.57503647186333,2.650063419955785
101.4853774749668,12.868338342032839,2,none,4,257.458574111676,101.76370553234618,13.99799666380012,1.328150790632511,27.23092756047669,-111.9678027503778
127.82995490965224,14.686433257970574,1,none,8,217.5171941991224,130.2312328021164,15.42872443765148,2.049440651715155,36.2486948209505,-62.53244117722626
22.412977361881047,10.283421160684167,2,bridge,8,252.73708625495487,22.30513155346821,11.19490162646122,2.7775866366488002,27.933973660465096,90.50681820403425
93.92586890114121,10.006675948945542,2,bridge,16,197.1091987932967,93.68089757011568,10.191488593171924,1.8040578588689637,21.754196874156744,-93.80675288555707
73.18618554333507,5.180565331010136,2,bridge,2,277.32599218877607,73.821201746488,5.613627037640297,2.058706260556251,39.21920743174847,1.211964851052386
59.6316169654535,9.109358222120724,2,none,16,254.4344290969343,59.08605596047458,10.130312082266022,2.5166733408396826,26.70833661346049,-84.29743501457823
47.86946801799305,6.2576790413725885,2,none,1,262.4220174746485,47.29965182164694,6.382591733724371,1.5135113082146374,35.255915527052736,-35.47822121353741
91.14241102180108,6.284723111659403,2,particle,4,222.94194509362205,90.62166987320067,6.913755880429608,1.45601041006918,24.89607123790563,-5.136937335078756
42.095193805464845,7.339619137625606,2,none,8,255.6246127543825,42.635962106968215,7.570246058039213,2.159135592559318,34.428785401828506,-47.57423226555992
58.05155990784306,6.448767021571946,1,none,32,262.63190864870245,57.12680294712756,6.588930991766029,2.8149594364880777,31.51106052943274,-61.69146616248365
114.09704320226588,8.157424380083757,2,break,2,223.6430476283959,114.17130511758504,8.368307468014617,2.9729870065665622,20.200282334516448,-51.3674544516179
65.26490081950045,5.771161361090453,2,none,8,236.8725944621313,64.41550374876758,5.976507529220389,2.542010619560852,34.91136647017061,4.103082675711306
55.92487408156248,5.198309695333761,2,none,1,235.9655072420926,54.19997472961264,5.4518247265942055,2.031819838461548,44.14872171032888,34.50115403604312
26.054810763444454,12.201621694135845,3,bridge,16,205.36537027974663,26.36464024028133,12.997620709717156,1.2127085116166647,48.29818207316292,-88.94894750156098
48.98587349237661,7.043735388710248,2,bridge,4,257.3038446229328,46.69507522059004,7.574376864031264,1.744855148763575,34.89357520794715,79.35805976253653
67.97999996661287,13.769243843889026,2,bridge,2,186.96853335817215,68.5368598923894,14.739638078668202,2.882053682149139,34.1510462792547,-137.46270212377846
93.93964954464798,12.366118405080346,2,bridge,2,237.0590331394229,94.89059360455454,12.854837594997097,2.7211038004907375,32.727311851649894,-107.11320923627868
91.63419810524721,4.243358425902054,2,bridge,4,277.5147588693776,91.8326570850465,4.892007924851695,1.364737363480065,20.171705504324184,7.25727841635603
38.895078831131286,5.888481773884637,2,none,1,244.6667881966472,39.69906642299492,6.0371907928739805,2.5496755295906963,49.835923531252135,-19.03920196035486
65.08476884257793,6.9698792719028955,2,bridge,8,180.4478480855426,65.35539916977896,7.0496948878214365,2.618617564241486,33.400570593445536,-66.55807303054678
72.52841218695846,6.959940938703825,2,bridge,8,200.69589854264663,71.13235298837976,7.317167740303096,2.7107860886978585,21.749847185208026,78.07852510364631
61.57251924690868,5.863961918296127,2,bridge,16,199.09480351819283,62.614777176409,6.053850364053246,1.3122053141505903,19.27009964033524,-66.7751869768651
71.09159133086067,5.619658807852969,2,bridge,8,227.48387940745735,72.11367269517046,5.64989886969764,2.3512855870855858,18.6311886833661,-61.53431412133217
51.09678171387421,14.761209760342705,2,none,8,211.24150856841223,50.94520485277848,14.948637006043295,2.405904304966293,49.797758750084185,103.29974549058652
51.63875814574837,4.316301023474496,2,none,2,240.01331291034725,53.04053482402232,4.626650903263227,2.915985448424278,36.44257394015212,-3.368149925836434
99.92610673429965,7.8252909745668315,1,none,8,268.6503083214068,99.5324477604598,7.884618810109438,1.6522214686416783,19.978673288417887,6.470094018147478
101.25980558772227,10.560927922072274,2,none,4,206.39082675698128,101.09215669857618,10.830700052240408,2.9058126187123934,31.027902313848717,59.4501687849781
45.15691440033527,9.120765311596545,2,none,32,224.91415764289127,45.80349906832463,10.137426484562669,2.7815739591156596,24.97243713948857,119.648370559123
96.42639739452461,8.361820623247999,2,particle,1,225.7689657190737,95.52853193064368,9.092942949107258,2.29767719991475,24.040926415359827,53.976714167142205
65.43833252910315,6.820671883536834,1,bridge,4,279.2964755384992,65.11572615757375,6.862947336369889,2.367475450996235,39.786837458009664,12.175737457663445
109.94560778774273,13.934323508034904,1,particle,1,256.2071989358023,109.87721692373324,14.066667531725498,1.2434280166240534,20.66541995258061,-137.6826566622529
69.41400601929142,8.52406436452869,2,particle,16,264.99487678549855,68.87680810584757,9.052414826345982,1.5981050604722968,30.73423204987646,65.88619377769007
72.1352622284511,8.34276950689043,2,none,4,260.8233117727755,72.75467400771733,8.58885967117377,1.873414004675527,41.10261895000585,63.85837755130112
55.756986993463194,5.924815174853547,2,bridge,32,260.40375661143554,54.95769644287825,6.301725851931369,1.7093828132936382,36.25909315554827,-45.8358419722818
94.22079427732767,8.335240971654324,2,bridge,4,231.85461485176316,93.86121159236632,8.781670089026388,1.6548611336860592,48.88840717259811,-87.22927160260213
34.23124316802529,7.736900585282116,2,bridge,8,192.3070466670533,34.89181638229178,8.356062610543358,2.5527134917740346,32.886976669861575,-61.59905997495609
34.35389073635768,5.886588802057942,2,none,32,243.36503812159756,34.518019676713266,6.151195244446983,1.3709722993269848,32.474275158884765,-37.86493694022721
123.08762933107296,11.94486264964821,1,particle,2,250.89174841880737,122.25015052332462,12.741801306528306,1.2509362988587203,20.01004205322071,92.40643573702248
76.33763028450393,6.822873198863786,2,break,8,205.435967908074,75.74589692302303,7.1529996661473225,2.603138541413844,28.061555367188504,70.60068993189142
83.06526098258243,6.291344648039107,2,particle,2,216.695239675808,82.43558325891827,6.688068481165267,2.9322004314462404,27.25349265376588,14.02971070192828
88.56841355118956,8.031820230710556,2,none,1,260.0615266127048,89.05359977000948,8.319658617024944,1.2183227468193545,18.073335965815417,87.08102769660513
28.81564546023975,6.244846656572586,2,none,8,246.1480455398693,29.03819061061337,6.821634845200304,2.9714002124979566,28.329431817431548,-52.778302364165086
70.04992838207404,7.008415903847184,2,bridge,2,245.31867244750947,69.87346612256546,7.255897345003383,1.3879542709510269,20.32390792956976,-89.69320916205209
102.24646521455355,7.075185324787135,2,none,1,257.9752351072556,101.51334255223266,7.916285598066344,2.5515192343895476,23.53265529914392,-15.455543496039835
96.7081074989862,7.580652199769785,2,none,4,231.03052173207595,97.03393824686574,8.588366031248613,2.6552296512513633,34.68345929498752,49.467118013366445
26.20578762043752,5.4134768862948475,2,none,32,197.97374715307947,25.534092322211738,5.796238749840058,1.3603457149266776,33.50940278901334,33.885916808053594
46.736787065198655,12.273040953643834,2,break,16,218.4534980484094,45.79793979066564,12.579583889092165,2.1400037426087777,30.422979749340808,98.04349928481804
88.75224773651887,6.2482854458258155,2,bridge,4,238.2923136729354,88.59299765230251,6.52398962036597,2.463948869097285,21.27543260296501,-41.93799278841274
30.479840266723272,12.629265765960369,2,bridge,4,199.38877195990463,30.23604839328627,13.184118051759544,2.260444618954195,24.69505369996368,-96.47573003029324
67.57356594121217,4.828045701757294,2,break,4,263.0500992896215,68.84542179652118,5.115436848327014,2.2587990081823426,37.03554150867036,-13.98107375568435
53.143757882412615,10.173159626877187,2,particle,8,266.7511008796233,52.31046828803822,11.119802206829329,1.6600985225614981,36.40688962723395,-91.55707462895496
49.78108934153425,4.8609411602072985,3,break,16,244.09627818517623,50.22086959138382,5.361858018912194,2.5232678732725953,28.747898376908854,12.794890086775297
139.64309200055663,10.894232116574557,1,none,16,275.67997971657314,138.73982591956226,11.50534651722826,1.2051406729738485,18.940585628295583,43.747309944001415
37.75709807588146,6.972133676503621,3,bridge,32,188.14732920558592,37.89885442574331,7.165996323486223,1.259605148184838,52.891688277540986,-51.45512984405738
66.34729024580689,5.554754776961147,2,bridge,1,274.83782166206913,65.8663829309841,5.900349364848006,2.997073755421483,34.53026117888483,-64.78749960333522
53.9499557339833,10.356174709904558,2,none,4,236.263434482284,54.36838742171067,10.92653701809991,2.476971662278457,49.84932271035544,-108.04820152336444
31.31218239370269,6.383503759160009,3,break,16,195.09035602008836,31.78686422697993,6.994168985526077,1.9743250262790841,41.78179785952932,-47.93783356188308
78.66324465603007,7.575440040481262,3,none,2,196.6434292556007,79.10576722542194,7.905273495828892,1.9120335024385315,34.0981063093535,-70.7393602573769
77.59867621961314,6.301255866092184,2,particle,4,213.9234468886909,75.5915492854064,6.495088852708664,1.9600036955720277,43.08591931416248,-21.64231343245564
58.86533206659169,5.033228072811065,2,none,1,214.32358507890723,57.55095232653131,5.261440743974999,2.095522356191954,46.42648022765927,28.389353735833225
36.07765392853207,6.947545814225732,3,bridge,1,201.59138631343697,35.56934626176861,7.259988418242802,2.0369180254230423,39.44444447148985,-65.97410746160926
50.91297629429104,7.6174594213384035,3,none,4,224.3824222259693,51.47477468491302,9.03703702479926,2.046784187961479,46.72960417332213,-93.17904012402408
60.453562013785415,13.103760366660833,2,break,32,200.1719921173187,59.90736286674786,13.880399820706607,2.58401765008057,48.84944418951801,-133.05983538696103
69.58984983907492,5.410292198924043,3,break,32,229.6026096536713,69.47608555965076,5.846094786374278,2.12473224610893,48.53269647045674,-36.14828235786453
55.355515556383835,4.7243657990749846,2,none,8,210.3600169482516,55.969084598582725,4.933084024865714,1.9015030174576928,40.00891407952213,30.70773748505005
62.42381050856298,5.9189502164205905,3,none,4,195.9135150667708,62.06431046349162,6.080416748055333,2.1999683883113392,52.212381335565546,23.128255753225403
110.34212804639793,10.057991093582197,1,none,1,273.46465588659,111.95280084883504,10.17992946120924,2.6675791568336606,18.190731771866336,-64.57345561628436
37.272802486547285,5.00568627436196,3,break,4,230.1982248566337,36.76548378916879,5.416361778613781,1.4313682182215748,50.91358569226423,-34.17040192275462
152.2767103794363,12.559267425392365,2,none,16,266.002649082977,151.74223817346848,13.639221209166054,2.7239342759989067,19.187670337329408,1.5481530231416798
100.85556302218623,13.335137978499144,3,none,2,189.6786699642412,100.25380658343862,14.131892702106128,2.3136644663990467,29.77529287747771,91.73712872427478
81.9221382080809,11.180734676781881,2,none,1,237.1540486506267,80.63620889680018,11.561023875433516,2.8195542304776797,40.72757991818795,-90.67839967232624
53.81552574751911,7.01796997634651,3,break,4,194.99583314625727,53.84713821902785,7.157968869220331,1.5543248276258792,50.665628826083854,-67.23619650776928
82.88682144876452,6.4569008202923275,2,bridge,8,192.51298845353855,83.65770419868724,6.552741459921669,2.63991429701715,32.9563224216335,26.49571953780409
94.19135509840652,6.244016608484228,2,bridge,8,244.0025974574313,92.72953403733467,6.514454231492946,2.5334864169617166,22.37722648303674,-4.757483197639232
56.435735415362785,4.251497576003309,3,none,32,209.3872209953305,56.542011057597314,4.614875872950775,2.4501294363895973,27.45962301709406,-33.63678671143802
49.44277787743985,5.88549240714827,2,none,32,227.97817529651525,48.612130175861616,5.954997994630084,1.6872674442559328,45.68086750749738,-37.77375391562464
71.46409886948422,6.174179291939601,2,bridge,1,240.48410463958865,71.42494983958076,6.3303368209169255,2.2254141467042605,21.742836188002286,50.75427982434195
32.03097716181305,8.181689094793278,3,none,32,212.25579041166424,31.901307928466476,8.267845669794488,1.7837971947913371,29.63584847020791,65.93638100668974
66.84699494726418,5.285114611652075,2,none,4,198.596936178892,67.01530390912595,5.452518514148243,1.3331840184768045,38.87847100381851,-16.75872838635118
81.06477045339167,13.725934240990274,2,none,2,253.2137393010933,82.13183389495768,14.20719817949382,2.243900516549858,27.66992589459088,110.46699860661852
74.06078796746681,8.490592623793049,2,particle,4,202.47453655742547,73.80172873596841,9.20625353440797,2.8026331243880467,27.47569452513016,72.7191416572127
61.71852524457745,4.870508306923886,2,particle,32,219.1306741537799,61.89937262353963,5.38564723245165,1.942013008014728,31.260030789868445,-59.09814527181665
113.14665323504988,8.748585297056186,2,particle,1,225.2368237180231,113.52731563471936,9.909265713485164,2.1701393314908377,21.03980335732619,15.56906628037845
44.31631823697818,4.440574780098471,3,none,2,219.88142422753677,44.73673930673752,4.853763775403502,1.2320219708612887,43.8822033810268,-8.9655198826201
44.39145045666314,5.110676486494423,2,bridge,2,237.0014597486392,44.16358979621912,5.287096948661947,2.9625282196684664,35.3116548785037,-3.4516437340002426
30.480963850451104,7.513604947727039,2,break,4,198.44886562097167,30.744317053025004,7.723734120938618,2.9864152802609834,29.25175867053324,64.43032680976805
69.09320178039687,7.934514732563754,3,none,32,190.81073333407875,69.17380969313768,8.452612004157126,2.3854594092866486,27.25906010585897,-78.09989454017031
60.58838940904285,9.35523024614625,3,none,2,216.60797014258503,60.3788172554714,10.13139117737864,2.5641539046952984,33.8509684563826,-85.37119757930357
62.10601476206103,6.5343917265648646,2,particle,1,227.50590058822476,60.87416866493869,6.812667380080674,1.475695488326524,37.60868511388392,49.80076395585306
127.56173283812204,13.202104320677204,1,none,8,227.8871641518748,128.26275762929345,13.495524250633752,1.6634259535046974,24.52504255933025,57.60355803270852
69.48051027323191,14.324290012853439,2,none,2,183.21043320655397,70.05706704563892,15.31924084466563,2.99730336203046,45.54427059850683,-125.58957736969036
78.81455073573632,13.33582800154164,2,break,32,215.0936697709849,78.72646553807863,14.79090984528348,1.624185715546061,28.815251445270896,108.48144006203836
58.823991633625056,4.818758531126129,3,particle,4,181.83537183207636,58.609366654334366,5.138422688146889,2.235198214442544,21.06910323274722,27.50173196777021
79.79102653981842,7.423774654828595,2,none,2,223.2865341576421,79.3552030379333,8.375307342989963,2.4043176713232457,24.19285458169728,67.45195220499227
45.496081448656525,6.1541467472322475,2,break,4,204.4932195200804,46.15161987644982,6.514276671463505,1.4200395708049331,52.34991230377428,50.427742122211015
31.04924591288391,8.224094342071183,3,bridge,8,198.95461111294105,31.79200850103739,8.412846357575992,2.6127878358976564,41.7653297913954,63.660954351131664
64.06652043972579,4.815958021062761,2,bridge,8,203.2106181616271,64.71812449311312,4.888486718093362,2.3028299486970463,28.93669924224166,13.383826146197263
100.70070579002667,9.634525355236168,2,break,16,226.8538815317248,100.800406766433,10.174609270513562,1.3448546792582032,25.680751519265755,75.86612641823942
45.30299048344519,4.1366801918373115,3,none,1,234.5062962463184,45.1771902135375,4.749445764750833,2.5192647455042265,32.48117339065266,-1.0488684221423057
27.763512593759042,6.996929535767956,2,none,32,258.43554469602395,27.652215694795952,7.306962215537656,1.3781926738577766,45.19466214870878,-8.612615438022232
62.78246766449325,5.7239342031398825,2,particle,16,260.65631856731454,63.13979925330678,5.908945406451863,2.765355162252887,27.796141714905477,27.726989274004467
44.44793447863297,7.054029598503439,3,none,16,193.58030560790084,45.227190636869096,7.250535511144029,1.5198720055876953,37.20815885319661,65.71445885977232
46.5644673373304,5.322650515805959,2,particle,8,185.33150778110547,46.12642530449512,5.66202864643267,2.401814041580883,29.79741162854603,19.032309527137272
55.38435252831056,4.803656005976601,3,break,2,192.03522163694947,55.63293732966225,5.119555213639125,2.6350935631631747,45.15284441850811,-8.69092725121763
105.77633063263966,7.599714689423607,2,none,32,248.7031813332892,105.28235097932924,8.44306206582585,2.3492681753937394,34.972233042838766,-43.16565199007525
52.22757128424118,4.534394829878116,2,break,32,246.80220331388023,51.68074566716786,4.926299284365465,1.462295644320649,40.14644344765288,-0.1731802916483502
31.51603103703586,4.592653053350672,2,bridge,32,238.84468391955187,31.72011417741995,5.470523922312533,2.6142401938618387,32.63065571389404,-39.94192002943015
22.691926701156817,4.938581231819512,3,bridge,1,206.4111552698657,22.30269180872838,5.608978346046203,2.9623855567001214,41.24872432731237,-12.804265480471514
74.29160412058786,6.207959053427423,2,none,8,265.51552839103374,73.12245528510907,6.342926492801496,2.7782439347162025,36.66537409710492,5.607401266473062
33.49845720735601,8.383145714131617,2,particle,1,264.2027709834492,32.20748417837445,8.929505563310904,2.6534674676758128,35.42006669842584,-67.16127266628405
91.8733087557472,9.873947207870817,2,break,4,250.79433635722685,92.81954842375734,9.991568015530127,1.9436077885689238,25.242890263241808,88.36804968431846
97.87911070914231,7.279938936957546,2,none,2,202.76340551313436,96.94084186194196,7.551826374334061,1.9775601126019486,20.04850653851493,-31.536545720930174
92.84598993891375,10.050071920176286,2,particle,32,182.1947253366912,93.34551276607222,10.452019680345025,1.86720954841459,27.44205792408293,96.71361707709065
122.74873757748078,9.871803331680352,2,none,16,238.2560997880967,123.71310513712044,10.299881608618415,2.047715195998226,19.88499638640191,0.27106907583007
84.4675049494157,11.284517682994686,2,bridge,16,230.15260754676143,84.60394959009972,11.64509899260437,1.9457091542540872,35.066276306647545,-104.3560571839618
63.328666421927835,3.9193852008908756,2,none,8,277.0308682509208,62.65368857285889,4.842329604776824,1.9239819110308363,54.74152274909322,1.0509884588076943
73.34588381712486,11.64835321796924,3,none,32,198.19286437001213,73.65084693208595,12.946520754300892,2.4211834953177496,30.56531703126292,118.76037064568249
53.07515119854247,10.430439314516583,2,none,2,260.9902303861359,53.23873475512532,12.690114613554329,2.566231475792833,30.12622647130608,84.37038369177509
78.35783319733729,6.7820428449506105,2,none,32,227.1061626191387,78.55098246547298,7.129609692756793,1.3937207194540422,24.631734384103403,40.01119523872819
106.63661435011734,6.7473753400091585,2,none,4,251.89720851045792,106.7590880468686,7.133983710658697,2.9385242337320165,23.721660267449806,34.727539151720464
71.40070506002749,4.487738409746897,2,none,8,190.01448801862264,71.57275287107133,4.79687304319844,2.3147681972654484,20.75176129424633,46.561426350397625
51.96353480402812,4.4573521534857266,2,none,16,217.6832921253429,51.91864710743285,5.066668247264745,2.3993293480687345,36.03643039859374,-16.224826612538806
62.02556778324896,13.227220802504846,2,break,4,272.73350487644154,61.55739929390448,13.33625593277002,2.893773242880177,23.46082961670185,-104.97405634858752
59.68557342720959,5.3990376951343695,2,break,32,256.62106165664534,59.00589349735471,5.710376961921635,2.884240836334741,54.66242945751792,21.615646055297844
67.29303047776094,4.643121177541607,2,none,1,238.4821474341677,68.21598134221702,4.748154117339468,1.4371409771361758,37.04179368649616,8.915453447998402
96.09897383888287,8.28657884826604,3,particle,8,214.20481383774148,95.4732819081954,8.442472433294702,1.6295827526303643,31.242978402300555,-2.244242573684744
89.48159428957877,7.948463062442327,2,bridge,8,270.7537844890322,88.7725629860006,7.987998874276413,1.2558448084419505,22.586356292990786,40.51929072696967
61.93757537191277,11.428516479995569,2,bridge,1,206.9405150877859,60.54244133826232,11.883124363473469,2.418467826743081,26.482960224015724,114.44027441778348
84.78823596064697,14.042041129462213,3,break,32,221.611185734993,83.9934805131261,15.51125021841412,1.3446302260825964,22.039136186882462,136.09497828371866
27.966376136697733,6.382375822511875,2,particle,1,209.35498183290736,29.482920256416048,7.031598373606024,2.0375771503887865,31.29562559057408,-53.59843080567744
117.05551248633907,8.398066317984163,2,bridge,1,242.4280724408619,115.6450253973299,8.884927188117876,1.7209728520048935,24.86380718264877,10.321120652934582
31.055958350273485,8.916070543455028,3,none,1,182.873356571476,30.202021295816664,10.063449498486404,1.3029126986016593,41.89318194430456,71.35489937175345
32.91211103761037,7.357030536996466,2,none,8,180.54358648172607,33.52552164805927,7.505190388623927,1.4699845393847635,53.30044418343097,51.011572712077935
61.908616779241115,5.89569756069229,3,none,16,223.36436423940256,62.681495696231664,6.356988546166136,1.3553176599855994,32.507847210930166,-67.7896787128539
90.27345165402937,8.255571207983113,2,particle,32,228.47421359691845,90.61936812350544,8.399464974318532,1.2987442708561383,28.41702690657021,-46.26022132554476
92.4706593726426,5.524803203713232,2,none,32,273.1479858113927,92.17567719566838,6.374092180409549,2.998839382517732,33.758311776347895,-14.56300442092487
62.48780018285157,4.693630196078303,2,particle,32,240.82149028492128,61.93809260987143,4.857466170820991,2.063856836835361,46.8107037887146,-19.451350971495827
77.2830125807329,4.977889061300357,3,none,4,220.40954833086025,77.38050753389004,5.2302382173172735,2.395925051641962,19.45343569621884,-63.97201633115266
105.36225111324804,8.194348880317845,1,particle,2,278.83942910097926,105.51556227047551,9.736113903660105,2.8981808929672646,23.42391874876449,45.036464575921
103.41908397500644,10.629525862194289,2,particle,2,231.77020350277823,103.55664013333144,11.68376843269074,2.5510831911686163,18.05466244667054,-101.01684480178795
91.73854960666421,6.561096052533417,2,none,32,260.8986545667059,91.90401295837614,6.882585541604603,2.5515761058819386,37.96237161185007,-10.148748748200203
48.277170706761,4.833541353335049,3,break,8,215.18066328099653,48.60735604181325,4.956507502924426,1.2608688291158865,38.09401885090142,-52.21880028025028
33.16023547685322,5.258736518585292,2,none,8,212.8696611204885,32.90565863079103,5.370007488559367,1.746064673143016,45.2571300309906,-9.397699471563328
57.21030766357933,9.311334687907184,2,none,32,260.3808466032684,56.80336429240037,9.429908597340733,1.5684151270790538,41.98692024038294,-65.78357335535422
115.60660215726057,7.806253906711746,1,none,1,272.011490660125,114.46934335487376,8.235480146035412,2.447515237703911,21.48500645854286,-4.363286464309169
113.58059689959981,7.727459679378655,2,none,4,253.32917553824288,114.26322665804476,7.94253853684053,1.2150861746048962,25.983788517127948,13.530561026016102
92.01646508889078,5.790395795089852,3,none,4,189.73953954412343,92.30169594974438,6.256085346882768,2.095713985352387,21.15938757120042,-18.796669976791637
89.2717016762435,7.578751190395127,2,none,2,205.2108038494064,88.7394275816384,7.804616162010339,1.675334059641131,24.736836237254664,-83.04843531182328
55.20530482452451,5.636462490676379,3,bridge,4,183.0071199402218,54.95883845170636,5.861133795631285,2.508745915332703,29.96040340950527,53.24843605902112
116.51185808706343,8.462662354843399,2,none,1,227.65527398080235,116.00482521815992,8.676678461538355,1.6124507480985066,21.35645508531777,2.2251899889020024
90.57628869306319,13.852663838962812,2,none,32,183.96854420223443,90.56611572542276,14.436135081530034,2.5695562866209265,26.039406454656596,-131.54237741939437
79.83126756714552,7.027516140581335,2,none,32,249.985071069022,79.6675616404955,7.370244610942326,2.8922561506797884,41.89821745747975,-33.52588817006719
100.72093533992148,8.461147022246573,2,bridge,4,223.96624003530863,100.07450707783286,9.268019840984806,2.8626019676669774,30.471093858102822,-57.771139106703245
55.56541002715725,4.039164197957683,3,particle,32,214.05674747939275,55.47481633141278,4.422411159775291,2.2078619304836065,28.492137746570947,28.59205384200115
118.40949616281294,10.190385993023892,2,particle,16,224.3428317643449,118.5403426527138,10.309832985757325,2.0679959517084066,18.677321712859012,14.421979041858378
49.459910895865534,6.55048879909843,2,none,2,208.6678891711996,48.778833288301065,6.949362317536479,1.8997145726797668,34.414238612870875,71.46040602053495
40.79635753345303,14.522583117133543,2,none,4,254.7653090983906,41.30136707280074,14.85318496152318,2.587911353135877,30.516648849177898,-104.25749469195216
39.37530892516061,14.979708594266848,2,none,2,255.30664854921656,38.88555292587565,15.302596336429088,1.2355593160009006,26.580365477408115,-112.03863592682742
99.87868832720369,7.848953563779803,2,bridge,4,215.55126584815807,100.43182877979552,8.152507518233437,2.342333761850275,32.94457825710359,20.376397329504243
35.45245925594657,9.023564300448115,1,bridge,32,277.6948794582416,35.327715141164575,9.194188053332086,2.4553056870767955,47.85295229479277,72.38983194087629
58.329132701438795,6.15144846464457,2,none,1,246.41698660749128,59.202175612148245,6.45180384922859,2.4769991177729276,44.01505620367684,18.62535425359988
71.53287585460384,4.27531260870118,2,bridge,8,198.05795629154431,71.66917387778314,4.604184784467234,2.124738051428931,24.83873217126302,-11.699612672037858
54.27870014554264,4.901222205353937,2,particle,2,233.2345042854186,54.441631001939285,4.9957244641219045,2.895020577853096,35.53960895781587,-2.517728548993091
88.0045571615154,6.880673060426375,2,particle,2,204.36719992859145,87.25442408090822,7.360020644399762,1.2307464186126196,32.3930424948351,-9.682736560793929
34.95709877875055,4.938829883856862,3,none,16,193.03728169779552,34.40657307938933,5.2590423117502265,2.225509413180702,36.6105989034201,26.7603076049879
44.37889568039393,6.04253016265984,2,bridge,4,258.1381578518715,44.86900619768734,6.825542416948764,2.2480398219664233,41.3990805704962,51.51565868434159
113.0412560094245,9.488171576827629,2,particle,32,212.64085391654731,113.95360423985936,10.15807690913512,2.757461944517961,23.623906718528733,46.47097444765441
100.08379876646158,8.065737107598672,2,none,2,236.11371734098583,99.69648328055531,8.192000706594502,2.568072205030006,27.203868337200603,-11.750448080286162
62.18059985892586,4.939976948189692,2,bridge,2,232.6369069831869,62.010864554570034,4.992856438927313,2.0248509183582413,25.966545525556526,-19.42140440817224
92.21305791500743,10.26490929848689,2,bridge,2,187.76205131969712,91.89978704480968,10.533183176017127,1.3247553158951546,20.174641873632662,-117.73980675028156
40.477436976040984,8.137705905914135,3,particle,2,199.5489180712105,41.794055317744345,8.612702865471377,2.2036676048308745,31.23815886560504,93.04408839946848
77.50873252039031,7.446649998352829,2,none,16,183.04475134506737,77.00754460116217,7.93330967294389,2.4283309955352417,31.3286262765766,-45.52381649899789
33.05209867464348,15.079251807263429,3,break,2,181.80639294953448,32.716996732079146,15.816609264071982,2.7076011870536982,27.91375075894017,114.12762101295355
107.0885377852162,9.960120867619029,2,none,4,227.54155665210777,106.60508299122296,10.401182379191685,1.4641659838807153,20.0529884165468,61.51024025098079
89.98319430158654,13.663287622108074,1,break,32,228.28603113592257,92.61820595323276,13.807064226280271,2.6448350845418407,18.96101097546845,-158.0910309439498
53.17035205310955,6.14471000523018,2,particle,8,208.024864847676,53.30398841171005,6.792120374811781,2.45076126325812,26.784072438673174,-73.19850826301969
86.88758904347068,6.704147845030468,3,break,1,185.07039456922416,86.10442488167207,7.450504573542021,2.9942577672929227,34.50652376080724,-47.811570464792624
97.07831283570971,13.466088480255838,2,break,1,240.90918517957948,98.0721643866424,14.63891602667159,1.9697331903547624,32.965321274850055,-119.47289197719
41.06350272531361,6.653886876340012,2,none,4,265.4895086947721,41.14712138186128,6.815091620646097,2.5667956815259076,34.63061316668921,-66.86619144184493
109.66941425572732,9.016641650768818,2,none,32,268.69728166149497,108.30245431877636,9.213847533556216,1.6317075059573813,30.566796643551736,-49.72520830890514
88.91309293476104,10.781890072499213,2,bridge,4,211.60302364807723,89.54778675613179,11.472643412852774,1.2873457244026796,30.07967551984613,-99.1266187215475
132.39401420234256,12.327660676798065,2,break,16,279.45950919299844,132.93594337329316,12.64289785657508,2.660857143080406,24.742143667459725,8.16773361983158
28.304499620682606,11.95481120603269,2,bridge,16,277.0631692733906,29.187785516307063,12.552672297329142,1.2310813589034149,46.48323338206319,-43.723772275225855
73.82978202308283,6.299532226025417,2,none,16,256.1799586101766,73.89235486912669,6.816490974039763,2.5334988252153186,26.85806758103509,-43.08890826751758
47.919167963047755,10.445465602646358,2,particle,4,201.57666638392809,47.74848196640912,11.601932870029003,2.9789401259952917,39.212180422257774,83.31345922176808
55.44676211270661,8.811489102229682,2,none,16,230.41595403013145,54.49894131786641,10.222239572931231,2.9688397942049325,38.29012013337434,87.18781249178522
100.598537479542,8.583257114413417,2,none,2,219.74205002641617,101.40241254431773,9.007055277232883,1.9826137390411023,41.23661722243488,-64.21743306895607
57.279349607923336,4.533718472157338,2,break,1,210.0326762443385,57.55208543484505,4.768563237926208,1.3757389027977596,44.3146466081722,-32.510642291613124
37.7499872539715,6.423580626591295,2,bridge,4,274.37001076711374,37.947671957876224,6.805427413214226,2.3073852489676074,37.03131687287032,-37.19100814581071
75.08320535397385,5.316708094021324,2,none,1,205.52078621723763,75.32049732437729,5.4931983551995245,1.6484736095198258,35.125033232995975,-0.4993815612336618
68.96277874215463,4.90626317542163,2,bridge,2,223.3710259661892,68.80609681613154,5.572741158550262,1.9104037633664772,43.75783888711666,-21.35233756205264
121.61331600285394,9.422176321686011,2,none,4,265.8117535203801,121.30558020431644,9.657832051218836,2.2528461483650006,24.5429199730386,15.414801841420314
45.670542452479964,6.843534485342358,1,particle,1,274.64163786107247,45.39399642672725,7.0976390304174615,1.7801385185281888,45.27986183356374,-63.20917352529504
24.291828442829893,12.497964752936532,3,none,1,203.14740693251835,24.085862237319244,13.021444484575037,2.6562195044236745,53.04015954952898,-74.58731167304859
45.398438407184955,10.456631885128335,2,bridge,32,180.3189301656391,44.86918437562951,10.939377966246669,1.253622609868832,39.37510929850213,-85.83869050199755
96.49724851072706,6.20754974697656,2,none,4,193.1051671017521,95.2796921279824,6.6463234828912565,2.2717603463437497,22.54683098456796,33.184314289039435
66.85525258784452,6.147786891757201,3,bridge,16,181.7654025216464,66.94835558059805,6.33063978082384,2.9526690493283336,23.80786799130465,-50.021094732250106
94.00489599202054,7.925267287122143,2,none,16,268.33224561734,93.83373074083325,8.422240195944257,2.57971956190205,26.739166551699903,74.50986801193116
29.374790652348068,6.996953763828635,3,none,32,228.69036724593792,29.239016002729425,7.19426961215126,1.8833950456364097,51.905614116645815,-49.206763359032095
25.134267979875876,13.179633246282567,3,none,32,187.8269026718353,25.887106577785254,14.685953108082918,2.1142135755260076,47.87624701963533,-70.10602156299875
65.78905814917228,8.209305662780308,2,none,2,274.3483197545323,66.17761841900156,8.82269961798562,2.1607772032214716,39.12043284442933,76.32903241585979
69.55197509209245,6.054868832375009,2,break,32,255.01521242996037,70.41326865768049,6.464274381381116,1.919472852914859,42.0175563086927,23.27579227260253
43.99833009627528,5.450375070324833,2,break,32,190.3368070978026,44.947539238948096,5.776208643455585,2.34271282980115,38.485618714636615,-8.373065222784675
27.56963178754083,9.341536452043742,2,bridge,16,278.2587224732334,28.358370843636152,10.392215852936532,1.9545576419991795,46.99414470263186,48.56296851142119
108.1957197286273,8.173368650561006,1,none,4,243.03748599449497,107.26753775600336,8.428025905675662,2.766685248094674,34.65295456843791,-21.53472145877637
79.61727357830864,9.871122245771433,1,particle,8,279.0706823953867,80.16795240577723,10.105222387666243,2.1065303557429402,40.94980961514073,64.0105911080185
78.57902171824912,5.852045833987098,3,bridge,16,184.4543424956638,78.14052657822552,6.032439519669877,1.3315747424389983,37.29273162288519,-16.288187311787283
34.45677982330852,8.418880026190271,2,none,1,215.66181804484248,34.67599930526556,10.332982027676689,2.9169221867396242,51.36806223632684,-85.0411443022903
34.97526478024511,4.50920431514845,2,break,16,272.5720310103856,34.465354544609994,5.131183259520803,1.8271082071704146,49.41031979497794,-14.8170633290716
73.31545002435936,6.7506380994235915,2,bridge,4,253.75890987023945,72.42395282512364,7.106472802802172,1.5979908495208854,47.81744572520788,32.29804142162993
49.31988418640263,4.873511038192541,3,break,2,212.30488551805112,49.23303115305678,5.02330124858147,2.3826564054047203,30.932030249116277,-39.24549110322079
78.10880412061721,11.685417201850642,2,bridge,2,241.11187835122055,78.0848608185032,12.322322937141855,2.4040818273529903,50.42262101178762,-120.8891256724979
106.29490699189257,7.767646379971327,2,none,1,266.4232785611591,106.99596092646814,8.245045701069003,1.3649844868242091,21.43444271642276,-8.064918598215513
85.12755966396094,6.137976171958375,2,none,8,252.78334969285956,85.45819545733144,6.38288302682516,2.096473241584561,25.69739056608409,2.8894581055193385
36.82819789543257,5.0463835106411,2,none,16,204.21366223621092,36.62863740882822,5.180490002083046,2.6393038559703084,45.0495456958834,-4.077048866136551
74.76625377377792,5.3431977035320575,2,break,32,213.5435890254373,75.29130638825498,5.435952984095909,2.1406600433262515,22.25489470060897,7.075034654509892
28.07108485612098,5.8668377571848325,3,none,1,208.4568486594791,28.75061625081527,6.224356104421016,2.6454079867183027,42.30261250663662,-23.281095132559077
66.9342800861233,7.771393028860876,2,break,16,184.02061213683177,66.7155191149653,7.9908881574188,1.794362022258143,27.35913986402172,89.28709166632802
85.68611945498265,8.193591513671652,2,none,16,184.52787950662213,85.99262384870842,8.857500386843762,2.434855720926117,40.697177822838206,-14.285547416973884
68.19658042303956,4.48486665119053,2,bridge,16,274.5215185895637,66.54677087118472,4.757226896003682,1.5849855415557497,24.902055375681325,-33.29190542387673
51.45743848275165,7.637976773108784,2,bridge,2,247.41627724403023,51.77828334804688,8.420819070304393,1.888229707288192,51.07005322664895,-54.55793152992531
45.5296129600633,5.538448587746953,3,bridge,1,190.88840964593388,45.094274532020606,5.652422489396701,1.4518229278568517,27.75408154356501,-48.89851028328448
43.00181719174592,5.784916238534789,2,bridge,32,247.71807043938213,43.33618324669887,6.132898299069469,2.126194399223044,39.57650281211035,-44.60188092257465
82.62846343090965,6.088410521691978,2,bridge,8,224.23850824944597,82.77872136640035,6.8063858012560825,2.326973290952235,32.82891061224656,-52.82171160460702
99.30763754561583,8.261300040772394,2,break,32,208.7700992938174,99.27841495904518,8.49790923453757,1.694143573609677,21.45919424657933,32.582143812945645
76.91499563615606,9.684612273402474,2,bridge,32,267.58358578349686,76.78776906817167,10.46631561335747,1.4173745722942157,21.616946510459456,-99.61543864435058
37.79718185498164,12.014166751495978,2,particle,4,251.25006616862996,38.84879965003389,12.20318536851516,2.9216482664666708,36.776338694209,99.44549601081684
129.2883984302166,11.08782401986711,1,particle,4,257.5107663941167,130.64649707400426,11.180737468955202,2.1005413268084987,26.10908998225792,26.620783443565188
27.546452680151205,9.731345289238693,2,none,1,250.67303405572108,29.00821473131202,9.910276417190694,1.4112457971032315,46.11388169163652,49.05792458231508
37.75635357941878,6.137994699034287,2,none,8,260.50582184166115,38.03534359783527,6.263716565869292,2.588135062754418,33.72745354902797,-47.704955614588016
72.04061187680972,9.488756065094911,2,none,1,231.83225961956649,71.98749987356551,9.615266852050684,2.9152609731917805,19.80417726045501,114.94045349774592
100.74014362626018,9.285722719202528,3,bridge,2,182.90530303782376,100.19965130689164,9.49661859104767,2.0064388992767324,41.86066675125143,-26.92109547292713
75.37807224168435,7.536672647093132,2,none,8,250.91626816896337,75.41264280404496,8.346525184523658,1.3695847384215187,23.515801825339235,79.94330276866276
91.08058391207578,9.097596250060413,1,particle,1,236.41113898208317,91.41799882275228,9.163918817113576,1.2688345688678273,19.05085329442667,91.01986047637166
34.799315487354164,6.007186035630186,2,bridge,8,222.85655624491383,34.07940781513145,6.082421533384963,2.5569978258879322,31.761431215086333,50.38634859514977
41.82263960784086,5.95805132320766,2,none,1,233.18157806373935,41.956141936756296,6.108518177517015,1.6746970489831456,42.29598299422295,30.196683826270714
43.59812962267114,11.131877571288369,2,none,32,189.1057355594481,42.976434176418586,11.932084371835138,1.7506439126616806,40.50408214465878,-90.72210460845986
49.97350778862287,6.451874083643361,2,break,1,205.35492260056287,49.410358467616255,6.96296669399595,2.073273099714946,26.28241807525384,-78.44349222431198
32.31599568334684,12.25479182249336,2,bridge,1,258.35367280149285,31.24780673920849,13.398697869287108,2.7853065258168996,25.30595028312136,95.05589744427584
64.62532601013376,5.934921506968064,2,particle,8,261.1459659104788,64.74401978362147,6.006398565767416,1.2771619943554837,22.026929865460435,-61.39753099812458
94.72981414244612,6.491603694679649,2,none,2,183.9403723812757,94.5648610338766,6.894120180560816,2.887198310521404,18.74497448409116,10.793778998770309
86.50381669712851,7.015408220954384,2,none,8,252.40843329277843,84.69679201031275,7.644132807902567,1.91181443396057,33.22853256634803,41.65063655706234
90.31086659807677,11.537610776390313,2,bridge,4,183.2755114752993,90.26916352043632,11.623681305346876,1.6586463979511616,27.924286104827985,97.77524970488332
67.5116824290458,5.676166430776282,2,bridge,8,213.2880968860773,68.03672785260353,5.85286826749634,2.7075188473736223,27.684027851966285,46.30008583806611
37.21967129291628,5.803198029391366,3,break,4,184.59356579647533,37.283235764067,5.964752966403463,1.8754280118120379,41.2147225737756,-32.27076228755109
90.8050626881543,5.579018541557574,2,particle,8,266.10235148154266,92.28839242265704,5.95702553756862,2.320625085823397,26.470857918603222,1.780760014605363
89.97542658705976,11.960012085718603,2,particle,1,239.34618057949788,89.99061090451764,12.152250337556216,2.3042981648310263,29.29327538240902,78.30604320263683
60.00144095322002,4.793712040623999,2,none,32,220.9120770373817,60.12914452725932,5.152550276913903,2.4694623598152625,46.89284070492717,-28.308580226717623
133.2474598835718,10.033974241640824,2,none,2,246.5564365200549,132.30472316387068,10.263664932934027,1.262884041398438,20.58129679475303,34.76850145945423
74.369764128513,4.2980674575739375,2,none,1,236.20667835747216,74.52844371242605,4.373281271887965,2.920535785470154,24.88299547532148,13.452836267586406
125.15415274315176,15.022706648242902,2,break,8,202.27755570511889,125.14324713294285,15.45123311494444,1.9110008212457288,23.296128564285556,-101.12816352187662
76.4137622732563,7.498566642931751,2,particle,2,240.149043524611,76.2661437577937,8.051372285062603,2.334074111136662,39.177960436415006,-69.60509658473018
81.03517871109493,7.934411797716273,3,bridge,16,196.80749238475147,80.68592875165741,8.656947577822402,2.181313342725281,27.9978959648369,-80.5591879364828
64.22799680281196,4.671109751534482,1,none,32,260.73958722366007,64.0052277641823,4.833491696248364,2.8900551274717188,42.617756295211166,5.755688983874848
96.88283877006029,10.635752890938686,1,particle,16,270.3734900343154,96.2881232005514,12.140233756575368,1.761572409243986,27.73637913521901,-100.15909184636244
42.86842061621885,10.153252960176447,2,particle,8,278.7968855194908,41.70254066473236,10.195229028728264,2.336384684971262,41.31727764639143,-77.52002009679241
20.67569683003048,7.0606511516835475,3,break,4,189.0580625641788,20.12265934289972,7.43329260511194,2.598206827256414,53.56846130375604,4.247793001378682
44.71120285410626,5.2234803250343615,2,none,2,232.8156317783965,45.49026612988842,5.4601511145535735,2.5986405025278483,26.12769136998778,-46.62276642386584
82.84913968637443,8.799565131667226,2,bridge,32,265.29299586910736,82.75710916772265,9.392620740899057,2.6774389485081507,20.881612655419502,-108.34327945050345
77.5181150231991,7.432705997335233,2,break,32,233.2949287561128,77.1722067953403,7.69281447212744,2.3415605728962885,20.697396374932453,-97.12457794289668
50.54315167458083,4.127121063760743,1,bridge,16,273.6439689364701,50.307082720992334,4.445184417802706,2.956828790823262,33.02050300685606,-38.09371357444965
80.10530275695189,5.4754231878992075,2,bridge,2,239.819850196192,80.43383112238844,5.6036494543794095,1.6134640883831397,23.30925270833935,-60.55286953123827
70.35223193283827,6.194454023607569,3,none,1,199.87638033318376,70.32305541360829,6.449077343042829,1.6401273061717343,21.12869147285893,-74.00089689335522
92.42725894020941,6.341317538512939,2,bridge,1,203.84179616582836,91.50850882815084,7.233477993176352,1.7422524248396134,21.689653386202043,27.90308366128085
71.63978350585242,14.5424141132554,1,particle,16,266.86671175948527,71.15470965880625,14.71445487077468,1.56004740277616,18.760985344017964,111.55967531368964
93.54880131470202,12.700985083806536,1,none,4,268.0481149233925,94.48238407054514,12.75381381028616,1.2654405135382434,27.03642375313744,96.1877006814242
86.687930519838,6.152583555433493,2,break,32,275.1905323152984,86.02058636749483,6.654848263033455,1.658735116211574,27.12395510143836,-3.717920117907255
78.18504913440528,5.186328518105574,2,none,1,197.7909353271304,78.49917663911455,5.527353145409187,2.840236878408004,25.784685755215783,14.76149387051899
111.0645094118936,9.25113458543755,1,none,8,274.9958535591829,110.49896862173308,10.091467626165484,1.9036316532352298,23.153417825929772,-69.14425397429386
88.74176097914187,6.091549294754179,2,none,16,242.52668766231477,90.01297415345924,6.559045705841516,2.949219997830106,29.236664556695388,-16.11218301413237
31.30839458457382,7.659061546620616,2,none,32,267.167463792438,30.24113671515996,7.734839810957613,1.3945354128395564,36.07983054862163,-46.90915122446586
26.609495214639423,15.778177146443493,2,break,8,256.76022189007097,27.304889018413043,15.920165751068064,1.3841257349891087,48.56125653954843,-91.89430124538748
54.550341726837644,5.450591277465542,2,none,2,271.51704254026873,55.00104013114877,5.612583820831219,1.435652956851965,38.88819371941496,0.6603016680447809
27.8304431349369,9.606497837306051,3,none,32,224.158913001294,26.76539978026253,10.18517483707735,2.0133549854322945,31.914555607462624,74.68505483225476
18.85697849038424,7.263371187238537,3,bridge,16,214.70886358051183,18.740070074174625,7.535007001424288,1.3815778176714644,50.91999342238478,-10.853610610183836
99.35845441305764,10.013688779027538,1,particle,1,259.96296487221207,101.89641437622493,10.996068170611794,2.164686151632858,31.083567015759755,63.68571609257819
120.78188771878814,11.842612836353073,2,particle,1,202.2276931658521,119.27732280693512,12.221383017864367,2.04019500902583,20.357380956762583,70.80149197020182
90.47849799495371,7.638866399178363,2,particle,16,221.69256787268787,91.07616992421222,7.723319410958254,2.342517183315021,19.28011996946314,-81.88150986843901
86.0342784474513,9.068822385611705,3,particle,32,187.117521257307,86.15277867803697,10.10591550628896,1.6887861828475375,27.384372622943808,89.65134358754614
109.86936191718672,8.63959820958641,2,none,32,272.21112830357697,109.56535047685982,8.719744264233583,2.7089961910810034,34.624883362967594,-38.80903990394259
51.83854243784907,5.310835037527778,3,break,2,203.78970424327,51.831921648637966,5.491707962108525,1.4794831304018128,39.59219910032492,-46.52365453061287
45.20403381333102,4.476684482399882,2,none,32,270.5396099140752,45.68756478851847,4.585425066999098,2.254233827348666,28.482526141880005,-4.020748239193807
40.624191053335515,12.252673409299646,2,none,16,258.60088966092025,39.77842688606601,12.78094433776238,2.331304884722824,52.31755183342743,-94.94531095074927
98.37500888734337,7.84040957658797,1,bridge,16,261.08002809074964,97.11705081952152,8.139066775682327,1.6335866132481793,30.285966620971926,-15.13156930087868
55.27807349168459,6.099788443139319,3,particle,8,194.69010502796544,55.76846419532865,6.297455113503462,1.4864291719040945,54.75060103933794,-9.836720998739509
58.61701058025233,5.966320611124164,2,bridge,16,239.3011718171381,59.06180726330143,6.422115545137201,2.4601157319931195,49.97880338238193,-43.76410537123749
103.35444673897663,10.907501456663972,3,none,16,187.3318709110567,102.87785590223912,11.35647714546346,2.0249212638705547,20.51586349995888,-83.5154199015733
76.17524193589058,13.238417637412178,3,none,4,180.73368814117111,76.54382247963821,14.248892796512648,1.3720692952113693,40.58776517627884,-124.8132327467604
40.18076377356468,6.76673330171687,3,particle,32,195.94106746160315,40.71345829943272,7.315083408441551,1.7137250335500318,34.49239261931564,-79.84370986498702
123.93665167716142,14.311460927709017,2,bridge,2,276.7357067852826,123.9776786311228,15.163521258146512,2.832251946862943,21.452694772284914,-113.20686703833204
66.35165386894619,5.682254320417474,1,bridge,1,272.30558969180623,66.44923974284093,6.178433876313997,2.6011994936987426,47.023417612433136,16.032052266178567
89.79925557177921,8.621112138586648,2,none,32,254.45895992362875,89.06270741324356,10.66911596622354,2.4263317313291735,29.97345993101211,-103.05147953121426
46.30316530615668,5.3889705984176635,2,bridge,2,218.1931221518811,46.51158930830962,5.588874966451098,2.2360183300237666,43.58011260790798,-34.396665747164064
40.454300081521865,6.353444856313458,2,none,16,267.17770370982373,40.97708801012755,6.759505039870751,1.2713771972919932,27.21308035983389,39.61257768204001
28.760942154694362,14.253021030437115,2,particle,16,237.08921967181095,27.856299175969397,14.880737173092074,2.1745107463872397,42.09204618663711,-96.68114515732896
19.38792318350734,9.49230309478988,3,none,16,206.1123430324994,20.197870056625398,9.999319347546448,2.5701648501330094,30.587355355543025,41.87128604276052
102.15056067549959,7.436498690341895,2,none,8,190.5585435056209,101.90796509232024,7.9249062897525215,2.2218168037908894,21.937410487312924,-3.2618548010968027
29.09861216502935,11.266378634732996,2,particle,4,192.26164883588493,28.310842653935424,11.61808120972448,1.6820048119912996,37.19246049057429,70.08668417066036
61.688155198339444,13.490437755051214,3,none,4,187.78855144347293,61.59837974175496,14.394311849967728,2.660220286759224,32.700584917960214,114.84922463716951
55.32435066081004,12.962176081072691,2,bridge,8,226.52645976998545,55.272993518414026,13.103341618855987,2.879911904476001,41.57305182499461,99.26819710468612
52.390238203493055,6.267916062597356,2,bridge,16,204.64127740230265,52.08888785228318,6.708102904561863,2.367470742367047,28.158162645646502,-74.09240257640037
67.78632470449443,8.891684988734681,2,particle,16,276.9352087196594,67.52076808028974,9.26677405961462,2.459270709615622,42.92388393886812,-83.84502164050403
76.40264523995467,5.94092908266055,2,particle,16,203.5600145593956,76.49361786534321,7.027678276070972,1.3775580739592002,49.55830441910022,21.197303484530124
104.49316280871676,10.693791218386027,2,none,2,204.3405529718881,105.07575389007977,11.813597370742194,1.833432932102447,25.59284119205308,-85.7330669714484
62.55706330770923,11.008459286032746,2,none,2,249.24330301388292,62.68749558693229,12.545338278565549,2.3696458358378663,30.96326867552886,-117.40425157932788
108.12613299109614,8.780992653672575,2,particle,16,245.15897599542097,107.10135568336972,8.938742712142057,1.2793944423023036,32.8087787826006,31.99397650888895
48.35211785308849,4.479012659918096,2,none,16,213.41774795073732,47.8386839456944,5.146700821487197,2.6149792703809647,42.17813663861585,-24.978932303540148
33.898428071311685,4.022532218373845,2,bridge,1,237.9006676176615,33.2335586924894,4.081596577789808,2.7994994827840305,39.72330367654613,-25.96577214254293
106.35603390581646,9.880135465965134,2,bridge,4,261.7897637527347,106.10827612552944,10.523688109858115,1.979597061588508,25.28872178529384,-79.58706941159203
40.55108570882602,9.058439497444276,3,none,2,226.8613761705392,40.419074667374026,9.257704952034423,1.4415699158956095,25.21130634210396,-83.74123940891941
93.88768338677227,10.965513499815577,2,particle,32,214.2792844728016,93.92637583926866,11.035626592749452,1.784970476647715,18.2972659716826,105.23083045512608
94.00023299330157,6.0919342155472584,1,none,1,263.7600369788711,94.85560967227198,6.329317687299663,2.397642230389832,28.29775463447288,24.687996556652536
99.28206506843692,9.519793913776573,2,break,8,202.61518421355356,99.45030231179123,9.581657155328092,2.799045913270525,24.854735222348555,-37.278920599842735
19.24863926285155,12.315251650944106,2,break,1,275.73390240437163,19.25983303540921,12.621690596528753,2.3102135929262806,23.05463988410014,-104.6842738647202
67.89977234818298,4.648231621402195,2,bridge,16,217.43608906397708,67.3305937778757,4.8987553421139145,1.4828043818135084,22.881365064448303,-42.24507149033053
43.42975228354649,4.996249632167899,2,break,1,244.45897196350623,42.92416005107575,5.209957611578685,2.4773863181779325,35.882642813566605,-22.980856504541062
114.27830695189908,6.319139665005759,2,break,4,237.5302824872619,113.6830511231983,6.537530734263942,2.930810911927251,18.043671261030408,15.2259555248784
95.9432450283161,10.274640283479492,2,bridge,1,223.89604692983997,96.20748113288737,10.59696850733078,1.7078562375552626,21.086751796257868,86.8530835422415
94.39675152925355,11.099326713221732,3,bridge,4,188.09793103337717,93.88985407316552,11.790503566272076,2.809362013328025,36.39008538172921,-81.55066016391132
75.05480170288658,8.270630870704752,3,particle,32,216.743537935741,75.53171557819978,8.621009017778501,2.7368213600492766,29.156153366942164,-64.26813966449566
61.00826625805218,4.570651146435534,2,break,32,249.5277843571932,60.17496918884053,4.782493328422723,2.262347893287897,37.83012708453532,-9.294330107976265
31.151360298721812,6.434562166832142,2,none,4,269.548516007836,30.505020841418016,6.928230370242229,2.9196652689327376,50.59450062640224,24.88776150078624
98.6322790923827,10.92089583310918,2,none,8,184.3533202204061,98.57729487361996,11.249289873538368,2.4769010487423886,26.579041090739015,81.98092297251367
31.011086535499004,8.51552617619715,2,break,16,264.8384823997894,31.063701496674263,9.075182778010047,1.996243395294273,36.4189959133668,43.96760323408958
54.80168613539786,11.837794038069056,2,none,2,191.84074790953812,53.97753875676332,12.577615842576815,2.5904439100598795,23.0220998263383,100.85720376136572
37.98025782977998,4.648150789759703,3,bridge,2,251.93646379466588,38.11544807340673,5.1058329821529504,1.773023885817976,47.42237134766255,-22.56358545239073
53.74741080311534,6.3569701294337815,2,break,2,200.1131692022044,54.516076289042985,6.505232820346795,1.211796841776044,33.06467064915206,42.37490399803329
21.90918683342275,9.309213631726127,3,bridge,2,208.88404016835003,22.50869314415632,9.725153923207904,1.3588859054113984,42.79960116740499,61.92650811833542
45.19185321505669,14.988292618592686,3,none,8,223.26569693005112,45.31207933148991,15.556474189277374,2.9261053714955834,42.947008278231394,102.74593278881711
89.40779435939719,5.288911415475242,3,particle,8,211.0801483331977,89.72780273728753,5.54188022138759,2.784691646282148,20.519903974453737,34.552349027182345
63.48271765871593,12.378113951903686,3,break,2,196.51531815370268,63.59188450488186,14.031704153676564,2.7573727916057207,34.754377814204645,-136.60760182022204
57.316832848609614,5.611427773613742,3,none,2,202.6896054781033,57.70539165096775,5.924221989647695,1.671101411535333,46.86526869945165,-37.32484361710945
103.07531466113903,8.8061231847427,2,bridge,1,193.68861229055517,103.86687473226668,8.937605100977537,2.1457797785897395,33.66525285695073,-4.551186100030662
32.77687256309436,5.586078384393253,3,none,2,195.2423535918263,32.99025577831134,5.792734031627079,2.0714189085067805,41.97563274416344,-30.44612723325636
61.49446036618673,11.684167033981756,2,particle,1,242.9731861114612,62.63558393525522,12.508886882383957,1.3238891177261738,24.345720245792517,117.18181762144906
65.35165469406618,6.423139847221265,2,break,1,242.93904730100857,65.01760029890447,6.663874855438365,1.7308727162166297,35.22463157371997,59.634040380942906
56.081830913434686,4.236146061783911,2,bridge,4,222.06685623508605,56.795222357862805,4.33348620556671,1.2518332464430695,42.93993144552734,-8.546570796014805
66.76615549464988,6.225842113651172,2,break,1,196.4643714474143,65.54058877186415,6.759814387828415,2.4290977759162926,45.38595724370474,-45.60353110430074
116.85801610381543,7.111693966252619,1,break,1,276.2497435216368,116.14949200260482,7.509584426531431,2.715098860741879,19.015281058373777,-20.90290356557045
56.00986816627358,3.4975253317714556,2,bridge,1,276.21162635655025,55.12897272078833,4.166793979220048,1.521013697423327,28.16861899154695,-25.949901135824177
93.3116845687556,5.589911290889089,1,none,1,263.2198929013585,93.29091057901364,5.653392569253532,1.8044513953211043,24.720456829346706,4.813607327697895
27.695640775757894,8.183653752240014,3,none,1,208.6150883520856,28.01171983067129,8.706024446197842,1.6069061721101316,40.45691433025844,59.11599332190832
46.84776295731965,4.438404376018099,2,none,16,206.9878845850486,46.68104707907592,4.475658167569543,1.5109942927477293,45.50173766809274,-6.162683778598478
19.8201218443571,7.213927664434307,3,bridge,2,202.6455134170643,20.08922611632709,7.310356348610918,2.376753458277012,31.610491198943905,-1.6407223194794938
89.04890006228742,11.367441041504566,2,none,8,205.51203260290592,88.41030813360348,11.599984942497844,1.6186577249826144,29.940809722652286,-105.25891217914253
70.82354408886579,5.393722166493916,2,none,4,252.2117449261085,71.68789586034755,5.592992554649606,2.7740175638507667,44.63093876651823,-20.64461026662883
25.47161102957444,8.869439299138605,3,bridge,2,203.44690840258448,26.28066910386679,9.490468176465132,1.3653516151173595,47.38783638361467,64.93878532302142
71.92002335242285,7.918856265817881,2,particle,1,232.88027717691568,72.40351778869733,8.119303122958797,2.3819486486404893,38.29932740807362,64.33495651721097
51.378248103644864,6.060086070437492,2,break,2,245.07929098203363,51.14409589251064,6.189767535787757,2.506771811184402,52.003481281497656,45.73842670865224
30.991634715442324,5.475244968609361,3,break,4,196.47676442765996,30.46787974258402,5.655483115473055,2.6869227581431074,38.71189808657015,-18.09670717310709
48.54906381600142,5.692358027585471,1,break,8,260.75005832166994,46.45241254405895,5.845463232119679,1.9581498692154753,33.5735481863579,-49.17852945753634
42.54980966552725,13.7327648331777,3,bridge,4,184.9074208502222,41.981830870979785,14.048130196998102,2.7002494783899227,45.43721113241716,120.96061924316643
70.5818828630135,10.69684135422403,2,bridge,8,275.97739481590577,70.27864882088761,10.99068184143144,2.3309042358012,33.18336889935318,95.612232353539
79.12267073125544,6.721246341766802,2,bridge,16,250.09457280779003,78.80335865882832,6.826204898966105,1.3606955511897185,39.3565367925986,-18.19893633456917
55.46103558900413,10.65936668516242,2,bridge,4,215.49974858874435,56.47879371171865,11.70508302083857,1.2195618495844909,21.481849161713203,101.88342827265268
78.61419154227168,10.094620754361182,3,bridge,8,187.87556896986752,78.46353106651581,12.026303225278149,1.3729036683432094,28.334016865761832,117.1226717438276
38.92149780345505,6.113111283751353,2,bridge,4,263.49987467641887,38.14569132582362,6.267603512060876,1.2544961819988298,49.76779816019406,7.869328203903962
60.63553599568055,7.234262720490978,2,bridge,4,242.5587939274954,61.92886424464658,7.880553871427509,2.4547817024031136,31.75203731148013,-72.94691728682419
102.17271583435769,11.551348059995984,2,break,2,208.20226465559347,101.87232281923151,11.762522250426978,2.7324550335348343,28.553275638020427,-86.19208262458056
57.44732942186289,5.462528792331826,2,bridge,4,251.40543074398784,56.669955859238776,5.610105843514806,2.624838701241991,30.368277410548487,-3.1071887314051594
21.980530540804153,10.847390574862597,2,break,4,197.3697755782028,23.048315240944508,11.575275502290012,1.4956832086244582,44.73882672481084,68.0719874303629
52.7728660377789,5.274069052684782,2,bridge,32,268.4353548196431,52.664870544436766,5.516335322889833,1.845295587584554,29.70700075582188,18.185081868690247
41.47891980836089,7.761526907223768,3,particle,2,180.6680132063353,41.16313105781441,8.478651024908277,2.2391557906517052,49.995029731988026,79.87742532707006
62.826529031356586,8.525495832896848,2,break,8,265.6040951671671,64.19491427238228,8.906610173471037,2.3684470410024634,36.021635879497126,69.19532425895795
119.48634377824321,12.620081980748463,2,none,8,241.9614778430928,119.68575661100957,13.035942946915446,1.870533417148692,20.25200707403031,68.12523499912129
33.986200706700785,4.759665500688093,2,none,16,231.9632614423176,34.21069087753713,4.877528921206985,2.01235968037349,50.81205357967127,-12.91567185656524
48.209477132603624,6.103290237934066,3,break,4,192.0600929111944,49.38532626142087,6.338415486782765,1.4924119791942525,50.35429433370355,-27.48912064817989
53.65035873208816,4.9962071977729945,2,none,8,265.9249935856857,54.50910195612229,5.213249593408454,1.8506648651550128,34.242451873450804,2.1230015652924124
91.73037250744422,12.418492344936995,2,none,1,207.62559644743996,90.93074430867226,13.077234349564751,1.6852679352841822,27.414386842693,-126.0673973515364
136.2217226037826,14.143408540451338,2,none,8,217.03774849631847,136.05107371373524,14.196253159808274,1.8045673254419703,30.01440015063008,-29.959389486364017
64.98973186292459,5.6722141512467985,2,bridge,1,245.80953632560585,64.81656704820136,5.831319643116204,2.080042124401488,46.93093529725199,20.85923147375877
34.955181475256154,8.29420496863046,2,none,16,204.1829564520236,35.03160291743868,8.325214414011352,2.6585909896293414,39.976786199247925,80.29370410790295
39.62442286345379,6.656624304949821,2,none,2,241.39701916410783,39.14608596554813,7.23636774236066,2.5136241893654967,44.27413519432995,43.45627766839323
110.34726858791618,9.568803442238401,2,bridge,1,206.76897277589163,111.10161244107807,10.303932370658732,2.3557637140208176,28.14242423085737,40.88515211045956
87.12951014423584,9.686951571111324,1,bridge,8,261.63434917126267,85.63786334032463,9.942184715753026,2.4612561546018004,19.36955913899489,82.73783638048252
91.40021852148692,8.99739454556035,3,none,4,184.86701605564687,91.93586419900984,9.317331501700002,2.2344184377579754,25.491178612096306,22.73544725391108
39.51272968036167,11.493255750984405,2,none,1,276.0311469339477,41.232902483073225,12.014722452990132,2.9673130105999928,24.49339868768466,-86.67386753014019
68.98247710462019,4.958120919909093,2,bridge,1,207.4066115235224,69.22309038086384,5.691712444270378,1.875946391990859,34.608022136360816,-1.0934556825680204
72.81064824869108,5.13061748530513,2,bridge,1,206.68874321079755,72.35454820775048,5.320334083981499,2.1907789140162675,33.11096737067534,11.022149565449013
78.47190840914932,6.309073208170386,2,bridge,1,243.67695229479503,79.31175931603585,6.643172540478414,2.0633752871677413,24.55171265176551,24.01218904265897
77.15091044817203,13.92180594991456,3,bridge,1,203.35768710468656,77.64105453711981,15.151870578192511,2.2532284928432995,28.290486524336107,-131.91332300454644
117.71368677969521,7.825629502109709,2,bridge,1,211.88995483442295,116.32208386700428,8.029866771567898,1.6067613929769784,18.950685523077027,5.292727757367544
35.58095596680326,10.344358972242905,2,particle,4,235.5446477673358,34.9067394898331,10.56487087145279,1.8034826321879676,34.31027382745836,-78.63112447910285
44.79625949997851,4.630646541734487,2,none,16,230.9310445748388,45.62302373870551,4.892593486210898,1.536856642272569,35.802304041353665,-15.885687406201953
26.583104648274826,5.966456331673296,2,none,8,208.5345088108496,26.34541017925246,6.091394460002966,1.53496766583098,44.80219427542696,15.317038207689649
90.87070728412387,13.43247770790364,2,particle,2,255.7460321983138,90.23091908098664,15.0585625458146,2.221787760286224,35.35234154903887,-116.43632244480992
79.78516854643317,8.22510274348947,2,none,1,180.77167520228284,79.74144139418263,8.636365785389378,2.3913026630615395,50.85663249121765,-67.46290969409318
121.50075081429111,13.633524723984676,2,none,4,181.8719267528931,121.87249903655048,15.411970156538018,1.3387352246807627,26.55661879150643,24.529699452912723
33.520497407584116,6.943209886949626,1,none,32,274.40483547713154,32.086694108597825,6.952322972539696,1.6474621345503775,38.03841234553828,44.84236909308447
25.920845946734293,6.399664292532991,1,none,2,270.2860959317798,26.06262332246236,7.529076085923055,1.3066443449511174,48.34650243722204,-23.40444496153006
40.7806268785221,4.952714449474269,2,break,8,222.0903121207781,40.74002647390997,5.282491884937809,2.3761956751083693,33.69224888222603,-57.99060966441208
22.072247543207055,6.844598544481247,2,particle,32,271.6663946044344,22.11609835305233,7.347084910163629,2.0244291809196646,32.0173636233332,48.553521598095216
43.560989133614804,9.182726629914706,3,particle,8,205.30427871693453,43.4972463548368,9.717552493140012,2.38865257733012,39.90745388958965,-98.97506210411868
89.29502554726491,10.275640502136476,2,none,8,190.95302075703785,88.76022300584034,10.545037322963564,2.6029877302290756,25.48759370212536,-78.39234621280082
62.79407847918205,5.680388835895577,2,bridge,1,247.09270473811847,63.364304696285785,5.919929148480708,1.9633490752616458,33.22489646660841,32.846429565408926
120.20430574079406,12.613222720923803,2,none,8,220.8781901927076,119.32835317737846,13.669209647394782,1.3920483929609444,22.247506055375776,-94.07566991744832
81.67638353114612,6.555021017330173,2,bridge,1,278.2430045536741,83.00990758741014,7.334431794240827,2.8595942678767985,33.58037079450485,-30.524857366146733
49.29211887986591,4.493309134701379,2,none,4,223.5704055992661,48.96182924119284,4.814876958904932,2.532370004470475,35.69413096153842,-11.83198667321173
82.95039671371728,5.4270506615051,2,none,4,273.3999350136462,82.54101503859846,5.469838067084725,2.3496150609131172,24.88728628952299,10.356375100829894
21.600695611075167,7.083811873203562,3,none,32,219.92282214047555,21.75013512263301,7.517596997694747,1.8774472936618007,49.46320454741608,-31.96332108907308
45.04136432893449,5.267921285513561,3,none,16,212.27048389276368,44.93182237631868,5.869652733508825,2.4965608251860245,42.39636151545397,-31.861509988473728
88.11195430929406,6.279342681062316,2,none,32,251.0857326457027,87.49445901637222,6.8641909065470825,1.901161526273985,39.94104280678863,-25.492432078144677
57.365166247541325,4.889086811340265,3,none,2,224.24822679628164,57.55247828151027,5.5639667793877,1.5034200566745315,36.18365072553128,21.31011091920169
75.00729694080131,6.148045387747381,3,none,1,196.3285958645224,75.43778273772801,6.248070312591164,1.5691744178758105,42.08767556176981,-45.793556126085576
32.02501302661422,12.681424292280196,2,break,32,212.36131270171603,31.888398735616164,12.9705853190428,2.7185447835867977,37.8197083809321,-109.25114765918832
115.5630761819712,13.125907464554452,2,particle,2,228.63919876692125,115.54839942208412,14.316353198705942,1.6941383913813413,25.063292314711127,120.47383434369584
80.24993772361003,4.520612543580836,2,none,2,279.18134581710945,79.96538584867862,4.906125216769478,1.2995749607759364,32.54260705481684,-5.218974428809872
115.8699005411205,11.96439606387262,2,break,2,240.36122974511528,114.84186773823096,12.283682064551522,1.424736978755428,30.000679295426664,-92.441882568935
119.77971780582494,11.795072271538675,2,none,2,217.37032505583028,119.29847694342727,12.340819028189877,2.843068953316079,18.71638184280434,70.92208849585069
18.994228165294356,13.290557822784564,3,none,1,238.98405526112924,19.86784524732394,13.803577434645549,1.5106725272044077,43.6857973480645,88.29813340796363
79.4523330618512,7.0249151858136845,2,particle,1,246.21612916724445,81.173890008799,7.305564907221337,2.9281187636237265,30.918220187578765,42.30087197102941
79.20168898793699,7.133727778187323,2,break,2,247.1354371894304,78.62619815036965,7.481913702168831,2.8887267671182375,28.22578187679774,-67.30589122330368
75.13128910960239,5.876838727073899,2,particle,2,266.9220741378998,75.3804824527368,5.975690083043718,2.087095634572557,33.053945615442224,14.836132065085025
45.50565431059965,4.810187067208544,2,none,4,253.6870912308281,45.75902478050756,5.041023206370996,2.77479135652065,40.24994539842062,-45.87220296403774
47.591330807049566,5.293621991799736,3,break,1,220.0192748088081,47.7907054660315,5.463818228065409,2.355350955663692,35.018581595979626,48.39555271407576
87.93371473246339,6.201469721869513,1,break,1,274.2349026986792,87.60443676008313,6.476217092624535,2.414331747356651,23.3523688887227,9.177117654808312
85.16157739415235,5.726486824496257,2,particle,8,187.6303596474604,84.99717844678815,6.213479917303928,1.7851212146196547,23.871810771196035,34.0485756413201
21.989257846709037,8.335155468831392,2,break,8,274.81797257791203,20.81296044654352,8.517562886964946,1.7514150655424583,43.04466096209364,-17.14386955362275
49.880108981775415,7.617202282583847,3,bridge,2,182.9485502788889,50.33722842347583,8.246685826162052,2.4468154619431015,28.536736220374788,112.00648453720989
30.354254323950983,8.13440329095743,2,none,32,246.18183515265704,30.995548446315304,8.357668302890865,2.469600457878241,31.41942534816243,71.05376638713398
28.72572586186456,12.11881265785778,2,none,4,242.2867279363252,29.498501125813032,12.655616306186475,2.715460958611827,28.615173082338437,78.41756727346188
66.03889989366122,6.622003256000111,2,particle,8,239.15486153138775,67.77863827825367,6.693465179599729,1.749697460694802,42.75749921278958,-40.63156672082744
37.37992993420795,8.737854301946175,2,none,16,208.80836904160225,37.05014055618383,9.192066663992629,1.9503260451540154,45.25192539658186,-75.71625207591553
29.968704752990433,11.87162422532844,2,particle,1,243.41831485851733,31.01266569932891,12.113671823619605,2.1121618417474592,30.099825017764367,-68.37392287114999
111.61878538236596,10.63581831434558,2,particle,2,226.41712872089175,112.12693151693294,11.012640333033588,1.7940086514812703,23.606596377930963,63.980538133113726
92.30734115710442,5.570286408023231,3,particle,4,193.75475784445047,92.09396037744872,5.890929476743127,2.6842414569054878,20.1857806630838,31.44858613906652
69.08432573673569,8.910429768414556,2,particle,8,231.4792935071872,69.14303027507327,9.181146801957444,2.1919579635564403,23.417780626238383,-106.02589860606304
121.11513583672748,11.857398437531984,2,particle,16,224.8240949167627,119.8849826398652,12.12601034611617,2.282705720855731,34.57027344593908,74.42980160101547
68.01346003285789,4.408340583716913,3,particle,16,190.9352908967633,67.39407432363652,4.757969920512528,2.6057879891269486,32.719548814305966,8.143271254946825
60.56139187936813,7.327914069455357,2,particle,32,264.4028999967349,60.52193377048837,7.983515120720295,2.882072702277524,27.82297369173476,52.957288475527605
36.05514218183504,6.7496724869574285,2,break,4,225.5354573316259,36.86835331039583,7.058217429617448,2.7450858064926953,32.5348958551054,-84.58098116660867
80.34158712899051,6.7495720112975235,2,bridge,32,225.28745186755935,80.56093516315671,7.264873908150622,2.6906969448262608,20.991871371621244,-69.10038032015805
19.286205787296865,8.782613650540544,3,particle,8,199.41510925879965,18.815769101662475,9.157159754263592,2.92942796338919,47.78524944759339,16.59362204361821
35.17636848032536,5.860391295811436,2,particle,16,247.5414841049136,34.73246988665603,6.130185661532914,2.0876880459222096,38.00671264302543,15.662294017706555
53.601573093313476,6.867454162822611,2,none,2,237.8244324282946,54.27016800359474,7.201985589951603,2.4108976545039207,43.255724212858,-58.20558769860368
63.39866457109756,8.15074071276429,2,particle,2,219.14669464101055,62.595532230213095,8.27999796495652,1.8403738833567456,30.701675235861916,79.68911523401454
89.46914124530723,6.059567506688171,2,bridge,2,248.92555801572743,88.72977222644448,6.50624704643326,2.2316313770271687,20.407580683153444,67.6962357454467
116.48120545545551,13.31452667782758,2,none,1,242.0508543144396,116.14925861948252,15.250641786004005,1.4736065007560528,30.909742878627892,99.14425380445766
76.55314567469497,5.390616159565487,2,particle,8,226.8077203247592,74.76921987962632,5.807139351078866,2.069591259672838,33.37477224134184,22.406922218358066
63.79362160523821,7.725247797470759,2,particle,4,226.5429108925468,63.53493955754279,7.984984523098644,1.457514037989333,19.09686701435357,-96.91208326224576
41.72618112352677,5.983004610188253,1,bridge,32,268.98955457524625,41.47041535998665,6.161966375952298,1.2372173506476503,45.57299202970982,3.5186840210421053
81.592917104431,7.892691171285876,2,bridge,1,232.4808617765086,82.69452536868147,8.095933620770623,2.211496608014921,19.492320047022,80.10265049426226
81.00263917813444,5.36762956022527,2,bridge,4,191.6887351648452,81.45688930665686,6.276130761550072,2.0554375041565875,24.05341739041556,33.227737375151065
28.745521599728175,7.483900736810536,2,bridge,32,242.6717000881527,28.99800033624123,7.69144014253393,1.637105780563119,51.398604529388805,-64.05364747037363
75.7787440205312,5.263677731573423,2,bridge,2,241.34525579547744,75.3959447797271,5.60359214943128,2.460471977053998,22.46196158799812,13.767404538986
91.45527030058372,10.781024863958683,2,none,8,194.56770722541185,92.02419937390432,10.957302755347351,2.0426999164612436,21.955445616686475,-91.97460193474062
38.24888264766452,8.809977438636754,3,break,16,203.64212443547143,38.57664587042076,9.162013673616368,2.4489638053419966,39.90909814021629,-90.95610679641558
82.87846521108622,7.166132202964565,1,none,4,238.2231984902059,83.08478627074057,7.661922598037456,2.2919389404223827,29.318852632307102,-55.14975541790935
85.21015099252445,6.5055860003167805,2,none,8,220.52136035393048,83.39535239330704,6.608403744045241,1.2743902836975893,23.50830287002853,41.68070307092452
49.662436162549426,5.697554957047428,2,particle,1,237.2744714059335,48.65337670141388,6.358079705793688,2.592509958890087,34.46180626996072,-58.76172881137917
55.11049309588685,4.055900606165453,2,bridge,32,253.45078339538807,55.73812114045241,4.576524840360505,2.500511276313059,32.24823429516273,1.937623070609959
111.32996702649814,11.863828691905505,2,none,32,181.14529716905813,110.83674885001012,13.423684267305926,2.9190922507818655,30.44178165906691,-67.13717813969338
94.15082213326896,5.341470086179248,2,none,4,239.0562528651236,94.53548652521631,5.447961887542917,1.2618124497895238,24.47758825565944,-22.00295657221608
38.69465732521175,6.494451715201254,3,break,32,182.16820365015744,38.41804487796475,6.586257660796546,1.9691331099979523,37.83682135029196,-6.810715273323012
122.07755191492117,14.92513175461724,2,particle,16,267.3049043485061,122.48611506130337,15.144857916161314,2.996175239137097,24.21562078800776,100.40949519015912
48.952951914946965,13.44943002071717,2,none,16,237.78455851539343,49.737110500702,13.76601764989062,1.6088438550449289,53.31130334427748,-102.16952021273131
34.504833360304026,8.257581690485289,2,bridge,32,272.3622431111484,34.14638618725236,8.975692167854115,1.9645534591814207,53.68185772687362,65.76674114170396
39.74281259459531,6.948403135694639,2,bridge,8,199.1164808909541,39.1003926302362,7.491443708093124,2.0841175255748836,34.48269518228008,-74.71211147632098
34.34889158883004,9.468585557149817,2,break,4,275.2519162626031,33.902340553656366,10.398536562148529,1.8198229929079974,43.59224707217183,-68.4818879413815
69.31595153050044,5.880901955301745,3,none,32,193.62646599944475,68.29195923610908,5.974322531590314,1.4631957190189238,48.18401053440371,34.6832666165586
54.48709184897541,8.634367844890626,1,bridge,1,279.24275901379644,54.52616361909306,8.74821807280935,1.5119489639280967,19.799928257238268,91.33509662538182
30.797440671265676,4.727792352830968,3,bridge,4,204.12856154692156,31.747950253220097,5.338283301744268,1.351860869391156,50.75575186527918,15.175886962122377
103.1221621838858,9.920955373756954,2,bridge,1,231.2107021184874,102.07220480864932,11.535539748393052,2.4084298189289743,29.67613294463446,-101.93802739921166
53.253646533524375,5.357635119059606,2,none,16,197.1531760264172,53.89332483569392,5.4774186044707855,2.534995492241243,50.90444970676115,3.970784037011669
62.20879849834591,4.994471457053508,2,bridge,2,212.1347750999524,62.98884238130223,5.153647167226092,2.989976188327999,43.925810651748094,-0.6660237326118761
123.41830368616702,12.775913460945706,2,none,2,182.62567154059516,121.66528503932877,13.261682739989835,2.9631818853051834,21.42497628745491,7.62823652137925
51.3665161274445,6.329782954185836,2,break,4,212.8543879525676,51.2881784636831,6.698469711764685,2.8225444163727604,21.57000432162281,-75.31611161884254
65.30794393162017,6.96473208806476,2,bridge,16,235.61071126419824,65.30258743576823,7.120652725641414,1.9012890353894667,32.75630260171664,49.64740043131769
63.7472541986414,11.81939548260746,2,particle,2,189.391781678536,64.85042860198827,13.077627591935164,1.8395674266143343,25.88758821769117,115.70932950943715
48.4693215353245,13.916711815448464,2,particle,32,224.8458767570628,48.08910525194578,15.072180919918152,1.9030383763766938,21.8040207805435,-147.36266794518724
71.89607679210161,10.615990001175557,2,break,2,216.59734330134103,71.73695619363015,11.611086606674276,1.5465366197770363,31.61467538832086,93.56380248630722
33.003965489473025,4.736594687354645,3,particle,32,209.7915025441531,33.15701048387228,5.286501436744802,1.8083894922943138,44.72164526515997,-23.520039988817015
72.9346773772016,5.89644712946528,2,particle,32,270.5673742293188,73.76016465184782,6.3569678105920175,1.3093516446505322,23.266840428595565,-55.36596485364633
40.89272539841107,4.803334068258133,3,none,4,192.1381047357089,40.44856773614645,5.064534405732958,2.795279164215681,53.89443763796076,-14.702940278804562
71.9081817317331,6.8153891723709705,3,bridge,32,182.0000746835973,72.29408885580428,7.132071705016956,2.4377408488064978,23.743868993215493,68.87080211558205
102.33557841043914,7.386287395971817,2,none,2,243.5935694824693,101.88933586584702,7.718211157909485,1.3900377790772256,20.02931647707036,75.0508525783641
120.77558615929904,13.383295145577595,2,none,32,186.29746934627337,119.802287231567,13.713715678123764,2.3751634312041716,37.54713366624589,30.95156067678621
64.9438854360254,5.705868616524462,1,break,2,275.02107872745086,65.6382965549015,6.314537461851981,2.45023119211555,48.11845241075443,10.641017633138546
49.51283677445767,5.157805531621402,2,bridge,2,187.2774737708756,49.03873131715659,5.280916465776839,2.838666919671721,28.81093453550176,27.31866254917796
69.76081310341512,5.312187967231452,2,none,1,240.04639800653945,69.84988702355514,5.653662475875122,2.5205426237171404,46.14899976260992,-33.09920076933142
74.5276885363328,8.265370489068758,2,break,2,252.8707327394031,75.83786689727593,8.447987946157784,2.988278852103038,24.37787973751962,86.99026091785862
66.82496421412168,8.606796725588843,2,none,1,270.48669423754546,67.76228047325634,9.529052331585298,1.7342853798639064,26.347647632531,66.20394294284179
48.103272603713435,9.931137306791001,2,none,1,237.50869437187444,47.64393452652157,10.500036289504658,2.295007086352295,35.49368832487043,-84.13236306056152
84.29146432281922,6.010340135675762,2,none,8,222.0190757755769,84.36036264110142,6.182030997770102,1.9647645711832133,25.60243647485183,-57.92594194139804
110.55615856121227,11.678541222827032,3,bridge,4,182.28843348717703,111.5052233336913,12.144208120969394,2.0547137132079873,30.94994033456616,42.09625013082956
68.44843005568374,6.952357366820774,2,bridge,1,261.60491761980086,68.37065506509617,7.035121996847977,1.9513234375054267,35.9464515984226,20.56244680719098
52.61689048241274,5.787685334210245,2,none,4,221.59681882690717,53.00756728558944,6.302655480979131,1.7800980323916122,39.050144255545085,-59.45302263913143
103.34065486714148,9.218006307508709,2,bridge,2,189.18337644897835,102.88378641040644,9.60451566076448,1.7727481034473185,28.84208805196109,-20.21331415775649
55.35325604959479,12.47031831220189,2,bridge,2,185.56737713116084,55.47979144171629,13.395998812422755,2.9293082648809987,35.324615600117085,-125.15105596211036
40.433390724262395,6.8000618193062925,3,bridge,32,227.8662033370396,41.01864608967272,7.018517201711601,2.573697608123555,38.14214068692499,-53.02250750313085
45.73354737408192,4.960443128894121,2,none,4,226.6952776019812,47.63014069473165,5.255885507940551,2.9704909540591347,29.57404556849181,14.52743406753072
101.36077992144557,6.161802196978956,2,bridge,4,267.4175314614201,100.8197509900414,7.550828138870883,1.7246415546608729,33.87967900252091,1.166220221597314
124.09328042377017,13.193112470091801,2,none,32,210.14734015160784,124.428213621794,13.723058815706128,1.3971678074806608,29.614737368143626,76.84536073634416
122.45917315371206,14.476034603967289,2,break,16,183.5681844813288,121.54472389086028,14.953273648439293,2.8826848053016505,26.997248879477176,39.5653520336856
77.35124809736237,12.814010757816119,1,none,4,279.1647737282974,76.71258747760793,14.091070563324458,2.9582130763946495,26.84573537537661,122.6238549329766
78.36870527242982,7.408850491266956,3,break,16,186.17419497330255,78.26425240583626,7.603837944112819,1.367083511975244,21.87505672188781,-72.56000551479721
67.00091713873475,5.137614822051288,2,break,2,220.43778305839388,67.34897733785122,5.180383353437164,2.887838479901034,25.98885662656409,14.219775576375383
109.23326754181635,8.503972586221696,1,particle,8,225.34785436795207,111.28133344746249,8.808595371743218,2.9012136418446044,19.60676069100608,-21.87003218279483
73.12576343964658,12.369254799616348,2,break,32,253.0043948234811,73.32827003680384,12.462753094474486,2.4439620660923804,34.36125622798724,104.27597322416231
32.719634177235136,10.685748018490102,2,bridge,2,246.84880751146807,32.245993429055865,10.89377809962546,2.95033314751462,39.58588858577663,34.26459815520394
103.39644462271853,7.993620887090362,2,none,32,269.1768144634749,103.12467034034266,8.641217694624272,1.4335665625918315,27.927962060196293,-33.743225486759854
111.7486490061436,9.389122487060513,2,none,8,258.5479846555236,110.96621687339656,9.813065292709876,1.5230249274892897,21.71606757418685,-71.19170652227292
50.82396033053507,6.290909347275669,2,break,8,242.31713132771844,50.75263880704664,6.527413830825673,1.3214191702227651,36.9109658216845,38.15575250069415
64.97758059140392,4.616747176071436,2,bridge,1,260.3081050848178,65.63663342473599,4.701569972575584,1.953797062934694,24.332656247342264,6.160201912376181
65.19741571409486,8.440288606667504,2,none,1,234.1438366831754,65.89633276278008,9.23705566689748,1.6069106778902018,35.085242164184315,66.3909533366666
59.88912159426354,7.437011817011026,2,none,16,275.57671185065,59.93758486394111,7.790357108047538,2.1789664212100215,34.89761834655478,56.798443132077296
85.45473502930196,5.929829867660348,3,none,16,200.37613414281068,85.53547003469603,6.038935706854545,2.762569690948891,20.918631535959285,-64.01231971442401
40.951288665797705,4.495717603333748,2,bridge,1,238.45137393898645,40.26185807647314,5.125457106087796,1.3006869056311763,30.12795837819054,-11.12258378226673
121.18430296617385,12.68118887690062,2,none,32,211.55308614108284,121.417313866168,13.396618878913722,1.5866907715078775,18.21739961320228,-111.09233176915131
52.69634025980405,4.612146499455041,3,none,1,210.93333867740512,52.46767832949613,4.6608209782008485,1.6363266879341536,34.199139609604345,-8.23305845719625
67.37452713968892,8.410219465443118,3,none,8,223.8755242916097,66.60297356966599,8.800797952996376,2.7718873900178274,38.80374695004022,76.07876047256144
94.81012809683466,9.152704993142718,2,none,1,270.23548179339787,94.49784925435078,10.485646449244989,2.9778623674260176,32.362700636179866,78.94306353196168
85.09351327853676,7.913929900180346,2,none,32,197.28949550756465,85.81390559683774,7.960893903914418,2.7658696144216703,49.17924558649744,22.72116941952885
77.4883711554848,6.211187668201128,3,none,4,180.8552404116071,78.84754325555491,6.6875191353816845,1.2761813792704966,44.50421797919776,1.8285530237070875
109.57903019355479,8.75950593374006,1,none,2,266.2615339873974,108.55753260397708,8.791323851603874,2.070972031332249,38.76542768948402,28.96837374091055
90.35309620380511,7.877606044319432,3,none,4,194.2966335033271,90.56226557556616,8.23246090956927,1.5157246786186285,24.77787149966605,75.12418756773124
123.57300619428021,11.903334923658296,2,bridge,16,214.48825386814656,122.66156113484313,12.390822717220829,1.4952119364385754,21.888287923517947,79.55245870474704
106.05223415715847,7.478800479018133,2,none,8,251.26306949499732,105.68540751893792,7.591198243195379,1.715679072647851,22.643013111444663,-28.40677797371765
61.9054713900008,5.909353495960834,2,none,2,185.46149171072585,61.7872260677024,6.208656390578831,2.6339239770948932,32.27446315873888,-67.70424718676594
95.00342812461902,6.388494146412572,2,break,2,247.01595039042584,95.13171510578763,6.750016877025516,1.716959477543592,22.25599097413428,-50.50320922931471
62.703151431783326,6.01157956380369,3,bridge,4,210.78283758129268,62.4496213005914,6.254178332538802,2.567476319831876,24.29986277274385,51.94334531567711
73.74269293641727,7.402433177097528,2,particle,32,255.08572198847816,74.7748871027161,7.683238880389926,1.3447006028882231,36.534260321729285,-44.42431628936555
106.68420633352044,10.684844771129677,2,bridge,16,220.563590963646,106.89293087650464,11.199834003085742,1.7551661368303728,18.379388632338426,-112.34956721475037
78.03503010675468,6.591612726966996,2,none,16,220.9511739998414,77.25589511316166,6.9935567323959,2.8598594250432825,44.83568620695244,28.307959932119218
19.901129283529453,6.599131728401703,2,none,32,213.2397935055424,20.602684650870028,6.760663576860355,2.9018063896233492,36.30950877844043,-12.185281894484092
47.28824811217788,5.029965744817139,2,particle,16,236.58781821536445,47.36046985384118,5.41949534672277,2.122817925225191,33.25700903977745,-14.433675359001567
100.01245864401409,7.77929824871279,2,none,32,215.03431849212544,99.52408734162624,7.865446894199023,1.7968757409972116,37.67038826471649,-18.448923754643857
59.44441485227199,6.116894190324394,2,break,4,188.41139733409068,58.58111343882912,6.458099913007783,2.7217631708960353,54.3845291172206,20.43069882170556
78.82399762694872,5.612394739035329,2,none,1,274.4370359091207,79.3710222355257,6.221967594333154,1.655301193187676,42.6919799899503,-5.788237697260172
90.3214383525747,12.094811984261517,2,particle,16,208.3196109844473,89.516175232543,13.572729825970727,2.3865221480915366,22.836321099259575,112.81520261178208
75.70482267436265,7.618107498256329,2,particle,16,245.46470223235409,75.4723249385923,7.737072222708239,2.576979140552747,23.61338343014405,84.90747218400935
64.99928709736885,6.150500317848312,2,none,8,252.37785974941173,64.51465158190697,6.4915816086212175,1.2452652920570584,42.11284347531531,-29.33214712222005
82.94805801123466,5.111978238281327,2,none,8,220.79029500086264,82.87858603421286,5.548988168779776,2.3072711134874444,22.960515646866615,-61.64319135289291
24.878777171630986,15.028332270148725,2,break,2,209.57667991970555,24.965840665377936,15.38012674520566,2.017132415972656,42.337152210114525,102.59804374219624
20.25305129660043,11.956601060678533,2,none,32,267.244623706079,21.01574674541891,12.533122283971542,2.4502820713321656,34.31890778971422,28.525722483593967
35.00789915648539,5.281033267180373,3,none,4,194.2574923250225,33.980263647743584,5.6500911379550764,2.0033775454376426,46.882044293149576,19.04284979965101
28.294050199746625,10.011784023334705,3,break,16,220.7532767584728,28.44216571108936,10.262863943885147,2.994038499185418,46.04424235656293,-94.86358686524233
46.254795518417225,11.04074713867377,3,none,8,193.21429360335503,46.26526077952381,11.32751729251483,1.577306003148064,27.91091001368141,-107.42199822140742
94.95662163565589,8.632277012553375,2,none,32,257.8546651351675,95.46664360277592,8.755377783979293,1.4891044618185696,27.665782183239376,60.10992957123764
84.51268500063563,7.202055845178686,2,break,16,279.37612763897937,84.3691042023807,8.190700255342987,1.912445286485727,32.60778065946026,45.86782733833476
35.55817789469887,5.7279754337793,2,bridge,32,202.1031425059832,35.202639247634394,6.015812845666674,2.690280805777995,23.7860590030734,-42.787883208672696
53.30184505225131,4.369144739057014,2,none,4,198.82597734287785,54.66850365258747,4.742604463531739,1.6426355280369198,48.043600119729774,-0.8845796338646323
49.97762873404213,7.199763449078725,2,particle,4,211.33321383588432,49.40638936988844,7.916817336183261,1.3152286310622765,40.77855795719739,68.14472611610307
97.419136787515,5.366128715623044,2,none,2,233.57313924071747,96.1912699301681,5.684007953610076,2.8606869539034516,19.76623993040088,-1.9847682848612749
85.7909828130459,8.108965725584705,2,none,1,220.05663143776843,85.80633865146257,8.392641554803244,1.5379506070202218,19.12396926106921,92.09147224577596
62.776102024460606,10.296303085124432,2,none,8,247.5913704409637,63.36210793536022,10.488520715317891,1.5893698975205868,32.09545290479375,86.54931507219305
75.19745094022437,9.242321913635282,2,break,8,204.31270223804108,75.95530904730383,10.018707667343156,1.8787569444158327,23.32248382512289,-109.6062419619752
24.012367861787396,10.57394096353876,2,particle,32,255.5509961745636,24.44607371810117,10.839460228332248,1.890156245319223,26.83497801420281,-81.32850466341468
21.56232643518315,7.998356266704516,3,bridge,16,196.713797577143,21.655834840615665,8.827516059869955,2.6299352062289145,52.47822280814383,70.00701091180298
74.41518697046155,7.408329977203239,2,bridge,8,240.9857366612725,75.00999956246375,8.145447699383274,1.4135512029095207,29.898162770387597,77.23549950849849
55.77903442043137,4.013638524221634,2,break,32,203.31235898723668,56.099555086787184,4.459114373892157,1.3800778471469277,32.16708816590929,11.982081473940156
50.99302814937005,6.383870770983755,2,none,2,251.5926887657986,51.00113173203741,6.669066849487507,2.4324941791543537,40.66101579536445,51.66186017268436
128.71805382410548,9.452862696364303,1,none,2,246.68937484783063,126.82605999119288,9.525272280072402,1.2334148064332262,19.40659010855869,-53.451958824615886
44.966441502781805,5.869800367786518,3,none,8,192.2802837025721,45.45665947011326,6.615200615615205,1.3315296373122882,54.27283844176467,41.7373358725055
65.04038119608283,6.684720145527357,3,particle,16,187.38023595764423,65.61594112593275,7.098460595595347,2.4891562985470554,53.51370906098049,27.867166011760617
144.88271438098437,14.75301735742455,2,bridge,32,277.08606034605066,145.3633409601589,15.104525143717591,1.857411519702735,20.01861422124428,82.85696153616561
107.83654410637304,6.986277157179503,1,break,16,260.97049267028933,107.07385206241212,7.904111829081452,2.33745493450529,22.90564892782077,-44.17974265590831
127.84767650219625,9.624474405494283,2,bridge,8,277.1300847249303,127.3364012649097,10.480339537667689,2.6456147127377427,25.834737132707684,6.2069856219862345
54.157662613610405,5.240546722739925,3,particle,8,215.45559589441447,54.63969645414989,5.479438177500152,2.0751610265697953,42.09760864101963,-39.4245288039823
57.46167494845809,9.342726125643168,3,particle,8,181.23592768146057,57.15830026699753,9.947783230967987,2.427807830524542,44.20638078586354,-83.81575177293266
96.94364241465985,9.729844491642835,1,particle,16,226.0495466221469,97.98062606786696,10.26571192767841,2.9435350601010253,33.10185663896316,66.03931242714785
86.62838559132092,7.060094523841821,1,break,8,275.87772061711945,88.09641880626458,7.339281743043763,1.9511390420019894,35.39778801730455,18.283428701449424
128.0139290932049,9.343098694592202,2,break,16,274.1768335299724,127.602008369684,9.532274561151054,2.1482259473857512,19.775436119746864,-22.36803817126048
28.954450070677783,5.2475013428210335,3,bridge,8,191.9986911234306,29.036631057179825,5.597230536893636,2.9525513022664254,49.00513192687565,21.986638418002823
56.576427958199844,7.692412773891422,2,break,8,207.6055251373521,55.50316191254743,7.925828439269983,1.2211099665168736,39.48138931657384,-76.2703797448845
28.889752364784083,5.024917411264594,2,none,2,257.9607281499079,28.72607380406409,5.797238797892405,2.17751853108265,37.12414855233453,2.430450873699641
63.456573203592626,6.543303093666656,2,particle,16,252.569466595282,63.10372519707237,6.746103352033007,2.2546690077044382,35.33864343174075,42.20533509547752
62.40133221090613,7.140210664615497,2,particle,4,235.70635104094703,62.420302957755005,7.532329837628908,2.1773599877375807,43.91582130860991,44.491107407388085
121.66259010299613,9.431364284730378,1,bridge,32,272.9826168120092,120.01464435994184,9.506248761808932,2.7762532056994154,21.13628480609988,-67.7294893324783
35.149040883424284,4.599856745131941,2,bridge,32,200.05530850106825,36.0060104550106,4.733461002177336,2.079415334192499,38.182173810701386,13.987530974448704
46.63199250651015,5.965943671561967,2,particle,8,199.8108650502816,46.09759951241284,6.643820788686512,2.9620681987645288,31.15544027945822,-88.17846467000315
39.187890610397204,6.127483372605427,2,none,16,265.203770805987,39.68128887163231,6.39367578144976,2.014389503843877,53.953951074403854,-45.577064436075744
55.17538269131899,8.608112661175603,2,particle,2,254.21525490537695,55.758671692072845,8.903862313750672,2.3066739632140303,28.58894820849665,73.67000265620015
63.817829594714965,4.747860915235966,2,none,32,238.99702814646736,63.56168617138499,5.037921800082655,2.6813388871761767,30.20590879604976,27.68001495529657
51.753169896166355,6.202610640659531,1,particle,16,257.3662075852821,52.42951951117561,6.225150315311423,1.2238879601086317,46.5047872997818,-28.579684678728256
42.4259803854643,13.171526854377785,2,particle,8,207.0499385726281,42.3456773351941,13.821381867682748,2.0592063468290123,30.392224011183977,125.04835325404758
99.17738286431965,9.12811052539914,2,bridge,8,180.7064235524044,98.91030729576488,9.855586489868069,1.9314317729876724,19.22907701412913,-74.22646012542846
106.98996187218383,8.470035873912362,2,none,1,191.21766486631012,105.45323494845653,8.865788118788219,2.6306090069300216,23.77923161945687,48.26837756962991
80.32982065083907,8.693105079845948,3,bridge,1,201.08039096654448,79.91136344739844,9.345949401314307,2.287149293491492,29.746819013968043,90.10192406508008
68.90554195257994,5.506903838894499,2,particle,2,253.39622459382605,68.26613499096,5.588699752940721,1.86673209970537,24.59322492598022,21.956972272906967
46.48759763269959,7.257492220970973,2,none,32,201.4391499473223,46.587154769541655,7.464977750673444,2.2077886236413184,54.47223549316325,59.67147408886444
40.62448622175705,4.662457882277943,2,none,1,259.53036738536457,40.715080678984734,5.223504087732875,2.2957747015859846,33.5396741784175,-31.672911159723952
30.908145954800688,14.371674981137634,2,bridge,32,239.5028267591297,30.19520785980576,15.506896163243212,2.6604102095067352,44.38310474885832,-97.67195311189695
96.00806541519569,6.735452000147086,2,bridge,32,270.4464935904064,95.6031561992812,6.843618465976754,1.585915278200746,34.914662124726505,12.777044758125214
